BASE,,MSAA 2x,,MSAA 4x,,MSAA 8x,,MSAA 16x,,MSAA 32x,,SSAA 2x,,SSAA 4x,,SSAA 8x,
951.871895,0.001051,903.354679,0.001107,931.252104,0.001074,907.128605,0.001102,725.175384,0.001379,835.35234,0.001197,734.817217,0.001361,155.837687,0.006417,27.079261,0.036929
951.871895,0.001051,903.354679,0.001107,931.252104,0.001074,907.128605,0.001102,725.175384,0.001379,835.35234,0.001197,734.817217,0.001361,155.837687,0.006417,27.079261,0.036929
951.871895,0.001051,903.354679,0.001107,931.252104,0.001074,907.128605,0.001102,725.175384,0.001379,835.35234,0.001197,734.817217,0.001361,155.837687,0.006417,27.079261,0.036929
951.871895,0.001051,903.354679,0.001107,931.252104,0.001074,907.128605,0.001102,725.175384,0.001379,835.35234,0.001197,734.817217,0.001361,155.837687,0.006417,27.079261,0.036929
951.871895,0.001051,903.354679,0.001107,931.252104,0.001074,907.128605,0.001102,725.175384,0.001379,835.35234,0.001197,734.817217,0.001361,155.837687,0.006417,27.079261,0.036929
951.871895,0.001051,903.354679,0.001107,931.252104,0.001074,907.128605,0.001102,725.175384,0.001379,835.35234,0.001197,734.817217,0.001361,155.837687,0.006417,27.079261,0.036929
951.871895,0.001051,903.354679,0.001107,931.252104,0.001074,907.128605,0.001102,725.175384,0.001379,835.35234,0.001197,734.817217,0.001361,155.837687,0.006417,27.079261,0.036929
951.871895,0.001051,903.354679,0.001107,931.252104,0.001074,907.128605,0.001102,725.175384,0.001379,835.35234,0.001197,734.817217,0.001361,155.837687,0.006417,27.079261,0.036929
951.871895,0.001051,903.354679,0.001107,931.252104,0.001074,907.128605,0.001102,725.175384,0.001379,835.35234,0.001197,734.817217,0.001361,155.837687,0.006417,27.079261,0.036929
951.871895,0.001051,903.354679,0.001107,931.252104,0.001074,907.128605,0.001102,725.175384,0.001379,835.35234,0.001197,734.817217,0.001361,155.837687,0.006417,27.079261,0.036929
951.871895,0.001051,903.354679,0.001107,931.252104,0.001074,907.128605,0.001102,725.175384,0.001379,835.35234,0.001197,734.817217,0.001361,155.837687,0.006417,27.079261,0.036929
951.871895,0.001051,903.354679,0.001107,931.252104,0.001074,907.128605,0.001102,725.175384,0.001379,835.35234,0.001197,734.817217,0.001361,155.837687,0.006417,27.079261,0.036929
951.871895,0.001051,903.354679,0.001107,931.252104,0.001074,907.128605,0.001102,725.175384,0.001379,835.35234,0.001197,734.817217,0.001361,155.837687,0.006417,23.59621,0.04238
951.871895,0.001051,903.354679,0.001107,931.252104,0.001074,907.128605,0.001102,725.175384,0.001379,835.35234,0.001197,734.817217,0.001361,155.837687,0.006417,23.59621,0.04238
951.871895,0.001051,903.354679,0.001107,931.252104,0.001074,907.128605,0.001102,725.175384,0.001379,835.35234,0.001197,734.817217,0.001361,155.837687,0.006417,23.59621,0.04238
951.871895,0.001051,903.354679,0.001107,931.252104,0.001074,907.128605,0.001102,725.175384,0.001379,835.35234,0.001197,734.817217,0.001361,155.837687,0.006417,23.59621,0.04238
951.871895,0.001051,903.354679,0.001107,931.252104,0.001074,907.128605,0.001102,725.175384,0.001379,835.35234,0.001197,734.817217,0.001361,155.837687,0.006417,23.59621,0.04238
951.871895,0.001051,903.354679,0.001107,931.252104,0.001074,907.128605,0.001102,725.175384,0.001379,835.35234,0.001197,734.817217,0.001361,155.837687,0.006417,23.59621,0.04238
951.871895,0.001051,903.354679,0.001107,931.252104,0.001074,907.128605,0.001102,725.175384,0.001379,835.35234,0.001197,734.817217,0.001361,155.837687,0.006417,23.59621,0.04238
951.871895,0.001051,903.354679,0.001107,931.252104,0.001074,907.128605,0.001102,725.175384,0.001379,835.35234,0.001197,734.817217,0.001361,155.837687,0.006417,23.59621,0.04238
951.871895,0.001051,903.354679,0.001107,931.252104,0.001074,907.128605,0.001102,725.175384,0.001379,835.35234,0.001197,734.817217,0.001361,155.837687,0.006417,23.59621,0.04238
951.871895,0.001051,903.354679,0.001107,931.252104,0.001074,907.128605,0.001102,725.175384,0.001379,835.35234,0.001197,734.817217,0.001361,155.837687,0.006417,23.59621,0.04238
951.871895,0.001051,903.354679,0.001107,931.252104,0.001074,907.128605,0.001102,725.175384,0.001379,835.35234,0.001197,734.817217,0.001361,155.837687,0.006417,23.59621,0.04238
951.871895,0.001051,903.354679,0.001107,931.252104,0.001074,907.128605,0.001102,725.175384,0.001379,835.35234,0.001197,734.817217,0.001361,155.837687,0.006417,23.59621,0.04238
951.871895,0.001051,903.354679,0.001107,931.252104,0.001074,907.128605,0.001102,725.175384,0.001379,835.35234,0.001197,734.817217,0.001361,155.837687,0.006417,23.59621,0.04238
951.871895,0.001051,903.354679,0.001107,931.252104,0.001074,907.128605,0.001102,725.175384,0.001379,835.35234,0.001197,734.817217,0.001361,155.837687,0.006417,27.720375,0.036075
951.871895,0.001051,903.354679,0.001107,931.252104,0.001074,907.128605,0.001102,725.175384,0.001379,835.35234,0.001197,734.817217,0.001361,155.837687,0.006417,27.720375,0.036075
951.871895,0.001051,903.354679,0.001107,931.252104,0.001074,907.128605,0.001102,725.175384,0.001379,835.35234,0.001197,734.817217,0.001361,155.837687,0.006417,27.720375,0.036075
951.871895,0.001051,903.354679,0.001107,931.252104,0.001074,907.128605,0.001102,725.175384,0.001379,835.35234,0.001197,734.817217,0.001361,155.837687,0.006417,27.720375,0.036075
951.871895,0.001051,903.354679,0.001107,931.252104,0.001074,907.128605,0.001102,725.175384,0.001379,835.35234,0.001197,734.817217,0.001361,155.837687,0.006417,27.720375,0.036075
951.871895,0.001051,903.354679,0.001107,931.252104,0.001074,907.128605,0.001102,725.175384,0.001379,835.35234,0.001197,734.817217,0.001361,155.837687,0.006417,27.720375,0.036075
951.871895,0.001051,903.354679,0.001107,931.252104,0.001074,907.128605,0.001102,725.175384,0.001379,835.35234,0.001197,734.817217,0.001361,155.837687,0.006417,27.720375,0.036075
951.871895,0.001051,903.354679,0.001107,931.252104,0.001074,907.128605,0.001102,725.175384,0.001379,835.35234,0.001197,734.817217,0.001361,155.837687,0.006417,27.720375,0.036075
951.871895,0.001051,903.354679,0.001107,931.252104,0.001074,907.128605,0.001102,725.175384,0.001379,835.35234,0.001197,734.817217,0.001361,155.837687,0.006417,27.720375,0.036075
951.871895,0.001051,903.354679,0.001107,931.252104,0.001074,907.128605,0.001102,725.175384,0.001379,835.35234,0.001197,734.817217,0.001361,155.837687,0.006417,27.720375,0.036075
951.871895,0.001051,903.354679,0.001107,931.252104,0.001074,907.128605,0.001102,725.175384,0.001379,835.35234,0.001197,734.817217,0.001361,155.837687,0.006417,27.720375,0.036075
951.871895,0.001051,903.354679,0.001107,931.252104,0.001074,907.128605,0.001102,725.175384,0.001379,835.35234,0.001197,734.817217,0.001361,155.837687,0.006417,27.720375,0.036075
951.871895,0.001051,903.354679,0.001107,931.252104,0.001074,907.128605,0.001102,725.175384,0.001379,835.35234,0.001197,734.817217,0.001361,155.837687,0.006417,27.720375,0.036075
951.871895,0.001051,903.354679,0.001107,931.252104,0.001074,907.128605,0.001102,725.175384,0.001379,835.35234,0.001197,734.817217,0.001361,155.837687,0.006417,25.52018,0.039185
951.871895,0.001051,903.354679,0.001107,931.252104,0.001074,907.128605,0.001102,725.175384,0.001379,835.35234,0.001197,734.817217,0.001361,155.837687,0.006417,25.52018,0.039185
951.871895,0.001051,903.354679,0.001107,931.252104,0.001074,907.128605,0.001102,725.175384,0.001379,835.35234,0.001197,734.817217,0.001361,155.837687,0.006417,25.52018,0.039185
951.871895,0.001051,903.354679,0.001107,931.252104,0.001074,907.128605,0.001102,725.175384,0.001379,835.35234,0.001197,734.817217,0.001361,155.837687,0.006417,25.52018,0.039185
951.871895,0.001051,903.354679,0.001107,931.252104,0.001074,907.128605,0.001102,725.175384,0.001379,835.35234,0.001197,734.817217,0.001361,155.837687,0.006417,25.52018,0.039185
951.871895,0.001051,903.354679,0.001107,931.252104,0.001074,907.128605,0.001102,725.175384,0.001379,835.35234,0.001197,734.817217,0.001361,155.837687,0.006417,25.52018,0.039185
951.871895,0.001051,903.354679,0.001107,931.252104,0.001074,907.128605,0.001102,725.175384,0.001379,835.35234,0.001197,734.817217,0.001361,155.837687,0.006417,25.52018,0.039185
951.871895,0.001051,903.354679,0.001107,931.252104,0.001074,907.128605,0.001102,725.175384,0.001379,835.35234,0.001197,734.817217,0.001361,155.837687,0.006417,25.52018,0.039185
951.871895,0.001051,903.354679,0.001107,931.252104,0.001074,907.128605,0.001102,725.175384,0.001379,835.35234,0.001197,734.817217,0.001361,155.837687,0.006417,25.52018,0.039185
951.871895,0.001051,903.354679,0.001107,931.252104,0.001074,907.128605,0.001102,725.175384,0.001379,835.35234,0.001197,734.817217,0.001361,155.837687,0.006417,25.52018,0.039185
951.871895,0.001051,903.354679,0.001107,931.252104,0.001074,907.128605,0.001102,725.175384,0.001379,835.35234,0.001197,734.817217,0.001361,155.837687,0.006417,25.52018,0.039185
951.871895,0.001051,903.354679,0.001107,931.252104,0.001074,907.128605,0.001102,725.175384,0.001379,835.35234,0.001197,734.817217,0.001361,155.837687,0.006417,25.52018,0.039185
951.871895,0.001051,903.354679,0.001107,931.252104,0.001074,907.128605,0.001102,725.175384,0.001379,835.35234,0.001197,734.817217,0.001361,155.837687,0.006417,25.52018,0.039185
951.871895,0.001051,903.354679,0.001107,931.252104,0.001074,907.128605,0.001102,725.175384,0.001379,835.35234,0.001197,734.817217,0.001361,155.837687,0.006417,25.52018,0.039185
951.871895,0.001051,903.354679,0.001107,931.252104,0.001074,907.128605,0.001102,725.175384,0.001379,835.35234,0.001197,734.817217,0.001361,155.837687,0.006417,25.52018,0.039185
951.871895,0.001051,903.354679,0.001107,931.252104,0.001074,907.128605,0.001102,725.175384,0.001379,835.35234,0.001197,734.817217,0.001361,155.837687,0.006417,27.338488,0.036578
951.871895,0.001051,903.354679,0.001107,931.252104,0.001074,907.128605,0.001102,725.175384,0.001379,835.35234,0.001197,734.817217,0.001361,155.837687,0.006417,27.338488,0.036578
951.871895,0.001051,903.354679,0.001107,931.252104,0.001074,907.128605,0.001102,725.175384,0.001379,835.35234,0.001197,734.817217,0.001361,155.837687,0.006417,27.338488,0.036578
951.871895,0.001051,903.354679,0.001107,931.252104,0.001074,907.128605,0.001102,725.175384,0.001379,835.35234,0.001197,734.817217,0.001361,155.837687,0.006417,27.338488,0.036578
951.871895,0.001051,903.354679,0.001107,931.252104,0.001074,907.128605,0.001102,725.175384,0.001379,835.35234,0.001197,734.817217,0.001361,155.837687,0.006417,27.338488,0.036578
951.871895,0.001051,903.354679,0.001107,931.252104,0.001074,907.128605,0.001102,725.175384,0.001379,835.35234,0.001197,734.817217,0.001361,155.837687,0.006417,27.338488,0.036578
951.871895,0.001051,903.354679,0.001107,931.252104,0.001074,907.128605,0.001102,725.175384,0.001379,835.35234,0.001197,734.817217,0.001361,155.837687,0.006417,27.338488,0.036578
951.871895,0.001051,903.354679,0.001107,931.252104,0.001074,907.128605,0.001102,725.175384,0.001379,835.35234,0.001197,734.817217,0.001361,155.837687,0.006417,27.338488,0.036578
951.871895,0.001051,903.354679,0.001107,931.252104,0.001074,907.128605,0.001102,725.175384,0.001379,835.35234,0.001197,734.817217,0.001361,155.837687,0.006417,27.338488,0.036578
951.871895,0.001051,903.354679,0.001107,931.252104,0.001074,907.128605,0.001102,725.175384,0.001379,835.35234,0.001197,734.817217,0.001361,155.837687,0.006417,27.338488,0.036578
951.871895,0.001051,903.354679,0.001107,931.252104,0.001074,907.128605,0.001102,725.175384,0.001379,835.35234,0.001197,734.817217,0.001361,155.837687,0.006417,27.338488,0.036578
951.871895,0.001051,903.354679,0.001107,931.252104,0.001074,907.128605,0.001102,725.175384,0.001379,835.35234,0.001197,734.817217,0.001361,155.837687,0.006417,27.338488,0.036578
951.871895,0.001051,903.354679,0.001107,931.252104,0.001074,907.128605,0.001102,725.175384,0.001379,835.35234,0.001197,734.817217,0.001361,155.837687,0.006417,27.338488,0.036578
951.871895,0.001051,903.354679,0.001107,931.252104,0.001074,907.128605,0.001102,725.175384,0.001379,835.35234,0.001197,734.817217,0.001361,155.837687,0.006417,25.930936,0.038564
951.871895,0.001051,903.354679,0.001107,931.252104,0.001074,907.128605,0.001102,725.175384,0.001379,835.35234,0.001197,734.817217,0.001361,155.837687,0.006417,25.930936,0.038564
951.871895,0.001051,903.354679,0.001107,931.252104,0.001074,907.128605,0.001102,725.175384,0.001379,835.35234,0.001197,734.817217,0.001361,155.837687,0.006417,25.930936,0.038564
951.871895,0.001051,903.354679,0.001107,931.252104,0.001074,907.128605,0.001102,725.175384,0.001379,835.35234,0.001197,734.817217,0.001361,155.837687,0.006417,25.930936,0.038564
951.871895,0.001051,903.354679,0.001107,931.252104,0.001074,907.128605,0.001102,725.175384,0.001379,835.35234,0.001197,734.817217,0.001361,155.837687,0.006417,25.930936,0.038564
951.871895,0.001051,903.354679,0.001107,931.252104,0.001074,907.128605,0.001102,725.175384,0.001379,835.35234,0.001197,734.817217,0.001361,155.837687,0.006417,25.930936,0.038564
951.871895,0.001051,903.354679,0.001107,931.252104,0.001074,907.128605,0.001102,725.175384,0.001379,835.35234,0.001197,734.817217,0.001361,155.837687,0.006417,25.930936,0.038564
951.871895,0.001051,903.354679,0.001107,931.252104,0.001074,907.128605,0.001102,725.175384,0.001379,835.35234,0.001197,734.817217,0.001361,155.837687,0.006417,25.930936,0.038564
951.871895,0.001051,903.354679,0.001107,931.252104,0.001074,907.128605,0.001102,725.175384,0.001379,835.35234,0.001197,734.817217,0.001361,155.837687,0.006417,25.930936,0.038564
951.871895,0.001051,903.354679,0.001107,931.252104,0.001074,907.128605,0.001102,725.175384,0.001379,835.35234,0.001197,734.817217,0.001361,155.837687,0.006417,25.930936,0.038564
951.871895,0.001051,903.354679,0.001107,931.252104,0.001074,907.128605,0.001102,725.175384,0.001379,835.35234,0.001197,734.817217,0.001361,155.837687,0.006417,25.930936,0.038564
951.871895,0.001051,903.354679,0.001107,931.252104,0.001074,907.128605,0.001102,725.175384,0.001379,835.35234,0.001197,734.817217,0.001361,155.837687,0.006417,25.930936,0.038564
951.871895,0.001051,903.354679,0.001107,931.252104,0.001074,907.128605,0.001102,725.175384,0.001379,835.35234,0.001197,734.817217,0.001361,155.837687,0.006417,25.930936,0.038564
951.871895,0.001051,903.354679,0.001107,931.252104,0.001074,907.128605,0.001102,725.175384,0.001379,835.35234,0.001197,734.817217,0.001361,155.837687,0.006417,27.375425,0.036529
951.871895,0.001051,903.354679,0.001107,931.252104,0.001074,907.128605,0.001102,725.175384,0.001379,835.35234,0.001197,734.817217,0.001361,155.837687,0.006417,27.375425,0.036529
951.871895,0.001051,903.354679,0.001107,931.252104,0.001074,907.128605,0.001102,725.175384,0.001379,835.35234,0.001197,734.817217,0.001361,155.837687,0.006417,27.375425,0.036529
951.871895,0.001051,903.354679,0.001107,931.252104,0.001074,907.128605,0.001102,725.175384,0.001379,835.35234,0.001197,734.817217,0.001361,155.837687,0.006417,27.375425,0.036529
951.871895,0.001051,903.354679,0.001107,931.252104,0.001074,907.128605,0.001102,725.175384,0.001379,835.35234,0.001197,734.817217,0.001361,155.837687,0.006417,27.375425,0.036529
951.871895,0.001051,903.354679,0.001107,931.252104,0.001074,907.128605,0.001102,725.175384,0.001379,835.35234,0.001197,734.817217,0.001361,155.837687,0.006417,27.375425,0.036529
951.871895,0.001051,903.354679,0.001107,931.252104,0.001074,907.128605,0.001102,725.175384,0.001379,835.35234,0.001197,734.817217,0.001361,155.837687,0.006417,27.375425,0.036529
951.871895,0.001051,903.354679,0.001107,931.252104,0.001074,907.128605,0.001102,725.175384,0.001379,835.35234,0.001197,734.817217,0.001361,155.837687,0.006417,27.375425,0.036529
951.871895,0.001051,903.354679,0.001107,931.252104,0.001074,907.128605,0.001102,725.175384,0.001379,835.35234,0.001197,734.817217,0.001361,155.837687,0.006417,27.375425,0.036529
951.871895,0.001051,903.354679,0.001107,931.252104,0.001074,907.128605,0.001102,725.175384,0.001379,835.35234,0.001197,734.817217,0.001361,155.837687,0.006417,27.375425,0.036529
951.871895,0.001051,903.354679,0.001107,931.252104,0.001074,907.128605,0.001102,725.175384,0.001379,835.35234,0.001197,734.817217,0.001361,155.837687,0.006417,27.375425,0.036529
951.871895,0.001051,903.354679,0.001107,931.252104,0.001074,907.128605,0.001102,725.175384,0.001379,835.35234,0.001197,734.817217,0.001361,155.837687,0.006417,27.375425,0.036529
951.871895,0.001051,903.354679,0.001107,931.252104,0.001074,907.128605,0.001102,725.175384,0.001379,835.35234,0.001197,734.817217,0.001361,155.837687,0.006417,27.375425,0.036529
951.871895,0.001051,903.354679,0.001107,931.252104,0.001074,907.128605,0.001102,725.175384,0.001379,835.35234,0.001197,734.817217,0.001361,155.837687,0.006417,23.914001,0.041817
951.871895,0.001051,903.354679,0.001107,931.252104,0.001074,907.128605,0.001102,725.175384,0.001379,835.35234,0.001197,734.817217,0.001361,185.756345,0.005383,23.914001,0.041817
951.871895,0.001051,903.354679,0.001107,931.252104,0.001074,907.128605,0.001102,725.175384,0.001379,835.35234,0.001197,734.817217,0.001361,185.756345,0.005383,23.914001,0.041817
951.871895,0.001051,903.354679,0.001107,931.252104,0.001074,907.128605,0.001102,725.175384,0.001379,835.35234,0.001197,734.817217,0.001361,185.756345,0.005383,23.914001,0.041817
951.871895,0.001051,903.354679,0.001107,931.252104,0.001074,907.128605,0.001102,725.175384,0.001379,835.35234,0.001197,734.817217,0.001361,185.756345,0.005383,23.914001,0.041817
951.871895,0.001051,903.354679,0.001107,931.252104,0.001074,907.128605,0.001102,725.175384,0.001379,835.35234,0.001197,734.817217,0.001361,185.756345,0.005383,23.914001,0.041817
951.871895,0.001051,903.354679,0.001107,931.252104,0.001074,907.128605,0.001102,725.175384,0.001379,835.35234,0.001197,734.817217,0.001361,185.756345,0.005383,23.914001,0.041817
951.871895,0.001051,903.354679,0.001107,931.252104,0.001074,907.128605,0.001102,725.175384,0.001379,835.35234,0.001197,734.817217,0.001361,185.756345,0.005383,23.914001,0.041817
951.871895,0.001051,903.354679,0.001107,931.252104,0.001074,907.128605,0.001102,725.175384,0.001379,835.35234,0.001197,734.817217,0.001361,185.756345,0.005383,23.914001,0.041817
951.871895,0.001051,903.354679,0.001107,931.252104,0.001074,907.128605,0.001102,725.175384,0.001379,835.35234,0.001197,734.817217,0.001361,185.756345,0.005383,23.914001,0.041817
951.871895,0.001051,903.354679,0.001107,931.252104,0.001074,907.128605,0.001102,725.175384,0.001379,835.35234,0.001197,734.817217,0.001361,185.756345,0.005383,23.914001,0.041817
951.871895,0.001051,903.354679,0.001107,931.252104,0.001074,907.128605,0.001102,725.175384,0.001379,835.35234,0.001197,734.817217,0.001361,185.756345,0.005383,23.914001,0.041817
951.871895,0.001051,903.354679,0.001107,931.252104,0.001074,907.128605,0.001102,725.175384,0.001379,835.35234,0.001197,734.817217,0.001361,185.756345,0.005383,23.914001,0.041817
951.871895,0.001051,903.354679,0.001107,931.252104,0.001074,907.128605,0.001102,725.175384,0.001379,835.35234,0.001197,734.817217,0.001361,185.756345,0.005383,23.914001,0.041817
951.871895,0.001051,903.354679,0.001107,931.252104,0.001074,907.128605,0.001102,725.175384,0.001379,835.35234,0.001197,734.817217,0.001361,185.756345,0.005383,27.627588,0.036196
951.871895,0.001051,903.354679,0.001107,931.252104,0.001074,907.128605,0.001102,725.175384,0.001379,835.35234,0.001197,734.817217,0.001361,185.756345,0.005383,27.627588,0.036196
951.871895,0.001051,903.354679,0.001107,931.252104,0.001074,907.128605,0.001102,725.175384,0.001379,835.35234,0.001197,734.817217,0.001361,185.756345,0.005383,27.627588,0.036196
951.871895,0.001051,903.354679,0.001107,931.252104,0.001074,907.128605,0.001102,725.175384,0.001379,835.35234,0.001197,734.817217,0.001361,185.756345,0.005383,27.627588,0.036196
951.871895,0.001051,903.354679,0.001107,931.252104,0.001074,907.128605,0.001102,725.175384,0.001379,835.35234,0.001197,734.817217,0.001361,185.756345,0.005383,27.627588,0.036196
951.871895,0.001051,903.354679,0.001107,931.252104,0.001074,907.128605,0.001102,725.175384,0.001379,835.35234,0.001197,734.817217,0.001361,185.756345,0.005383,27.627588,0.036196
951.871895,0.001051,903.354679,0.001107,931.252104,0.001074,907.128605,0.001102,725.175384,0.001379,835.35234,0.001197,734.817217,0.001361,185.756345,0.005383,27.627588,0.036196
951.871895,0.001051,903.354679,0.001107,931.252104,0.001074,907.128605,0.001102,725.175384,0.001379,835.35234,0.001197,734.817217,0.001361,185.756345,0.005383,27.627588,0.036196
951.871895,0.001051,903.354679,0.001107,931.252104,0.001074,907.128605,0.001102,725.175384,0.001379,835.35234,0.001197,734.817217,0.001361,185.756345,0.005383,27.627588,0.036196
951.871895,0.001051,903.354679,0.001107,931.252104,0.001074,907.128605,0.001102,725.175384,0.001379,835.35234,0.001197,734.817217,0.001361,185.756345,0.005383,27.627588,0.036196
951.871895,0.001051,903.354679,0.001107,931.252104,0.001074,907.128605,0.001102,725.175384,0.001379,835.35234,0.001197,734.817217,0.001361,185.756345,0.005383,27.627588,0.036196
951.871895,0.001051,903.354679,0.001107,931.252104,0.001074,907.128605,0.001102,725.175384,0.001379,835.35234,0.001197,734.817217,0.001361,185.756345,0.005383,27.627588,0.036196
951.871895,0.001051,903.354679,0.001107,931.252104,0.001074,907.128605,0.001102,725.175384,0.001379,835.35234,0.001197,734.817217,0.001361,185.756345,0.005383,27.627588,0.036196
951.871895,0.001051,903.354679,0.001107,931.252104,0.001074,907.128605,0.001102,725.175384,0.001379,835.35234,0.001197,734.817217,0.001361,185.756345,0.005383,27.627588,0.036196
951.871895,0.001051,903.354679,0.001107,931.252104,0.001074,907.128605,0.001102,725.175384,0.001379,835.35234,0.001197,734.817217,0.001361,185.756345,0.005383,27.627588,0.036196
951.871895,0.001051,903.354679,0.001107,931.252104,0.001074,907.128605,0.001102,725.175384,0.001379,835.35234,0.001197,734.817217,0.001361,185.756345,0.005383,28.766407,0.034763
951.871895,0.001051,903.354679,0.001107,931.252104,0.001074,907.128605,0.001102,725.175384,0.001379,835.35234,0.001197,734.817217,0.001361,185.756345,0.005383,28.766407,0.034763
951.871895,0.001051,903.354679,0.001107,931.252104,0.001074,907.128605,0.001102,725.175384,0.001379,835.35234,0.001197,734.817217,0.001361,185.756345,0.005383,28.766407,0.034763
951.871895,0.001051,903.354679,0.001107,931.252104,0.001074,907.128605,0.001102,725.175384,0.001379,835.35234,0.001197,734.817217,0.001361,185.756345,0.005383,28.766407,0.034763
951.871895,0.001051,903.354679,0.001107,931.252104,0.001074,907.128605,0.001102,725.175384,0.001379,835.35234,0.001197,734.817217,0.001361,185.756345,0.005383,28.766407,0.034763
951.871895,0.001051,903.354679,0.001107,931.252104,0.001074,907.128605,0.001102,725.175384,0.001379,835.35234,0.001197,734.817217,0.001361,185.756345,0.005383,28.766407,0.034763
951.871895,0.001051,903.354679,0.001107,931.252104,0.001074,907.128605,0.001102,725.175384,0.001379,835.35234,0.001197,734.817217,0.001361,185.756345,0.005383,28.766407,0.034763
951.871895,0.001051,903.354679,0.001107,931.252104,0.001074,907.128605,0.001102,725.175384,0.001379,835.35234,0.001197,734.817217,0.001361,185.756345,0.005383,28.766407,0.034763
951.871895,0.001051,903.354679,0.001107,931.252104,0.001074,907.128605,0.001102,725.175384,0.001379,835.35234,0.001197,734.817217,0.001361,185.756345,0.005383,28.766407,0.034763
951.871895,0.001051,903.354679,0.001107,931.252104,0.001074,907.128605,0.001102,725.175384,0.001379,835.35234,0.001197,734.817217,0.001361,185.756345,0.005383,28.766407,0.034763
951.871895,0.001051,903.354679,0.001107,931.252104,0.001074,907.128605,0.001102,725.175384,0.001379,835.35234,0.001197,734.817217,0.001361,185.756345,0.005383,28.766407,0.034763
951.871895,0.001051,903.354679,0.001107,931.252104,0.001074,907.128605,0.001102,725.175384,0.001379,835.35234,0.001197,734.817217,0.001361,185.756345,0.005383,28.766407,0.034763
951.871895,0.001051,903.354679,0.001107,931.252104,0.001074,907.128605,0.001102,725.175384,0.001379,835.35234,0.001197,734.817217,0.001361,185.756345,0.005383,28.766407,0.034763
951.871895,0.001051,903.354679,0.001107,931.252104,0.001074,907.128605,0.001102,725.175384,0.001379,835.35234,0.001197,734.817217,0.001361,185.756345,0.005383,27.852898,0.035903
951.871895,0.001051,903.354679,0.001107,931.252104,0.001074,907.128605,0.001102,725.175384,0.001379,835.35234,0.001197,734.817217,0.001361,185.756345,0.005383,27.852898,0.035903
951.871895,0.001051,903.354679,0.001107,931.252104,0.001074,907.128605,0.001102,725.175384,0.001379,835.35234,0.001197,734.817217,0.001361,185.756345,0.005383,27.852898,0.035903
951.871895,0.001051,903.354679,0.001107,931.252104,0.001074,907.128605,0.001102,725.175384,0.001379,835.35234,0.001197,734.817217,0.001361,185.756345,0.005383,27.852898,0.035903
951.871895,0.001051,903.354679,0.001107,931.252104,0.001074,907.128605,0.001102,725.175384,0.001379,835.35234,0.001197,734.817217,0.001361,185.756345,0.005383,27.852898,0.035903
951.871895,0.001051,903.354679,0.001107,931.252104,0.001074,907.128605,0.001102,725.175384,0.001379,835.35234,0.001197,734.817217,0.001361,185.756345,0.005383,27.852898,0.035903
951.871895,0.001051,903.354679,0.001107,931.252104,0.001074,907.128605,0.001102,725.175384,0.001379,835.35234,0.001197,734.817217,0.001361,185.756345,0.005383,27.852898,0.035903
951.871895,0.001051,903.354679,0.001107,931.252104,0.001074,907.128605,0.001102,725.175384,0.001379,835.35234,0.001197,734.817217,0.001361,185.756345,0.005383,27.852898,0.035903
951.871895,0.001051,903.354679,0.001107,931.252104,0.001074,907.128605,0.001102,725.175384,0.001379,835.35234,0.001197,734.817217,0.001361,185.756345,0.005383,27.852898,0.035903
951.871895,0.001051,903.354679,0.001107,931.252104,0.001074,907.128605,0.001102,725.175384,0.001379,835.35234,0.001197,734.817217,0.001361,185.756345,0.005383,27.852898,0.035903
951.871895,0.001051,903.354679,0.001107,931.252104,0.001074,907.128605,0.001102,725.175384,0.001379,835.35234,0.001197,734.817217,0.001361,185.756345,0.005383,27.852898,0.035903
951.871895,0.001051,903.354679,0.001107,931.252104,0.001074,907.128605,0.001102,725.175384,0.001379,835.35234,0.001197,734.817217,0.001361,185.756345,0.005383,27.852898,0.035903
951.871895,0.001051,903.354679,0.001107,931.252104,0.001074,907.128605,0.001102,725.175384,0.001379,835.35234,0.001197,734.817217,0.001361,185.756345,0.005383,27.852898,0.035903
951.871895,0.001051,903.354679,0.001107,931.252104,0.001074,907.128605,0.001102,725.175384,0.001379,835.35234,0.001197,734.817217,0.001361,185.756345,0.005383,27.852898,0.035903
951.871895,0.001051,903.354679,0.001107,931.252104,0.001074,907.128605,0.001102,725.175384,0.001379,835.35234,0.001197,734.817217,0.001361,185.756345,0.005383,25.586837,0.039083
951.871895,0.001051,903.354679,0.001107,931.252104,0.001074,907.128605,0.001102,725.175384,0.001379,835.35234,0.001197,734.817217,0.001361,185.756345,0.005383,25.586837,0.039083
951.871895,0.001051,903.354679,0.001107,931.252104,0.001074,907.128605,0.001102,725.175384,0.001379,835.35234,0.001197,734.817217,0.001361,185.756345,0.005383,25.586837,0.039083
951.871895,0.001051,903.354679,0.001107,931.252104,0.001074,907.128605,0.001102,725.175384,0.001379,835.35234,0.001197,734.817217,0.001361,185.756345,0.005383,25.586837,0.039083
951.871895,0.001051,903.354679,0.001107,931.252104,0.001074,907.128605,0.001102,725.175384,0.001379,835.35234,0.001197,734.817217,0.001361,185.756345,0.005383,25.586837,0.039083
951.871895,0.001051,903.354679,0.001107,931.252104,0.001074,907.128605,0.001102,725.175384,0.001379,835.35234,0.001197,734.817217,0.001361,185.756345,0.005383,25.586837,0.039083
951.871895,0.001051,903.354679,0.001107,931.252104,0.001074,907.128605,0.001102,725.175384,0.001379,835.35234,0.001197,734.817217,0.001361,185.756345,0.005383,25.586837,0.039083
951.871895,0.001051,903.354679,0.001107,931.252104,0.001074,907.128605,0.001102,725.175384,0.001379,835.35234,0.001197,734.817217,0.001361,185.756345,0.005383,25.586837,0.039083
951.871895,0.001051,903.354679,0.001107,931.252104,0.001074,907.128605,0.001102,725.175384,0.001379,835.35234,0.001197,734.817217,0.001361,185.756345,0.005383,25.586837,0.039083
951.871895,0.001051,903.354679,0.001107,931.252104,0.001074,907.128605,0.001102,725.175384,0.001379,835.35234,0.001197,734.817217,0.001361,185.756345,0.005383,25.586837,0.039083
951.871895,0.001051,903.354679,0.001107,931.252104,0.001074,907.128605,0.001102,725.175384,0.001379,835.35234,0.001197,734.817217,0.001361,185.756345,0.005383,25.586837,0.039083
951.871895,0.001051,903.354679,0.001107,931.252104,0.001074,907.128605,0.001102,725.175384,0.001379,835.35234,0.001197,734.817217,0.001361,185.756345,0.005383,25.586837,0.039083
951.871895,0.001051,903.354679,0.001107,931.252104,0.001074,907.128605,0.001102,725.175384,0.001379,835.35234,0.001197,734.817217,0.001361,185.756345,0.005383,25.586837,0.039083
951.871895,0.001051,903.354679,0.001107,931.252104,0.001074,907.128605,0.001102,725.175384,0.001379,835.35234,0.001197,734.817217,0.001361,185.756345,0.005383,27.088791,0.036916
951.871895,0.001051,903.354679,0.001107,931.252104,0.001074,907.128605,0.001102,725.175384,0.001379,835.35234,0.001197,734.817217,0.001361,185.756345,0.005383,27.088791,0.036916
951.871895,0.001051,903.354679,0.001107,931.252104,0.001074,907.128605,0.001102,725.175384,0.001379,835.35234,0.001197,734.817217,0.001361,185.756345,0.005383,27.088791,0.036916
951.871895,0.001051,903.354679,0.001107,931.252104,0.001074,907.128605,0.001102,725.175384,0.001379,835.35234,0.001197,734.817217,0.001361,185.756345,0.005383,27.088791,0.036916
951.871895,0.001051,903.354679,0.001107,931.252104,0.001074,907.128605,0.001102,725.175384,0.001379,835.35234,0.001197,734.817217,0.001361,185.756345,0.005383,27.088791,0.036916
951.871895,0.001051,903.354679,0.001107,931.252104,0.001074,907.128605,0.001102,725.175384,0.001379,835.35234,0.001197,734.817217,0.001361,185.756345,0.005383,27.088791,0.036916
951.871895,0.001051,903.354679,0.001107,931.252104,0.001074,907.128605,0.001102,725.175384,0.001379,835.35234,0.001197,734.817217,0.001361,185.756345,0.005383,27.088791,0.036916
951.871895,0.001051,903.354679,0.001107,931.252104,0.001074,907.128605,0.001102,725.175384,0.001379,835.35234,0.001197,734.817217,0.001361,185.756345,0.005383,27.088791,0.036916
951.871895,0.001051,903.354679,0.001107,931.252104,0.001074,907.128605,0.001102,725.175384,0.001379,835.35234,0.001197,734.817217,0.001361,185.756345,0.005383,27.088791,0.036916
951.871895,0.001051,903.354679,0.001107,931.252104,0.001074,907.128605,0.001102,725.175384,0.001379,835.35234,0.001197,734.817217,0.001361,185.756345,0.005383,27.088791,0.036916
951.871895,0.001051,903.354679,0.001107,931.252104,0.001074,907.128605,0.001102,725.175384,0.001379,835.35234,0.001197,734.817217,0.001361,185.756345,0.005383,27.088791,0.036916
951.871895,0.001051,903.354679,0.001107,931.252104,0.001074,907.128605,0.001102,725.175384,0.001379,835.35234,0.001197,734.817217,0.001361,185.756345,0.005383,27.088791,0.036916
951.871895,0.001051,903.354679,0.001107,931.252104,0.001074,907.128605,0.001102,725.175384,0.001379,835.35234,0.001197,734.817217,0.001361,185.756345,0.005383,27.088791,0.036916
951.871895,0.001051,903.354679,0.001107,931.252104,0.001074,907.128605,0.001102,725.175384,0.001379,835.35234,0.001197,734.817217,0.001361,185.756345,0.005383,25.098052,0.039844
951.871895,0.001051,903.354679,0.001107,931.252104,0.001074,907.128605,0.001102,725.175384,0.001379,835.35234,0.001197,734.817217,0.001361,185.756345,0.005383,25.098052,0.039844
951.871895,0.001051,903.354679,0.001107,931.252104,0.001074,907.128605,0.001102,725.175384,0.001379,835.35234,0.001197,734.817217,0.001361,185.756345,0.005383,25.098052,0.039844
951.871895,0.001051,903.354679,0.001107,931.252104,0.001074,907.128605,0.001102,725.175384,0.001379,835.35234,0.001197,734.817217,0.001361,185.756345,0.005383,25.098052,0.039844
951.871895,0.001051,903.354679,0.001107,931.252104,0.001074,907.128605,0.001102,725.175384,0.001379,835.35234,0.001197,734.817217,0.001361,185.756345,0.005383,25.098052,0.039844
951.871895,0.001051,903.354679,0.001107,931.252104,0.001074,907.128605,0.001102,725.175384,0.001379,835.35234,0.001197,734.817217,0.001361,185.756345,0.005383,25.098052,0.039844
951.871895,0.001051,903.354679,0.001107,931.252104,0.001074,907.128605,0.001102,725.175384,0.001379,835.35234,0.001197,734.817217,0.001361,185.756345,0.005383,25.098052,0.039844
951.871895,0.001051,903.354679,0.001107,931.252104,0.001074,907.128605,0.001102,725.175384,0.001379,835.35234,0.001197,734.817217,0.001361,185.756345,0.005383,25.098052,0.039844
951.871895,0.001051,903.354679,0.001107,931.252104,0.001074,907.128605,0.001102,725.175384,0.001379,835.35234,0.001197,734.817217,0.001361,185.756345,0.005383,25.098052,0.039844
951.871895,0.001051,903.354679,0.001107,931.252104,0.001074,907.128605,0.001102,725.175384,0.001379,835.35234,0.001197,734.817217,0.001361,185.756345,0.005383,25.098052,0.039844
951.871895,0.001051,903.354679,0.001107,931.252104,0.001074,907.128605,0.001102,725.175384,0.001379,835.35234,0.001197,734.817217,0.001361,185.756345,0.005383,25.098052,0.039844
951.871895,0.001051,903.354679,0.001107,931.252104,0.001074,907.128605,0.001102,725.175384,0.001379,835.35234,0.001197,734.817217,0.001361,185.756345,0.005383,25.098052,0.039844
951.871895,0.001051,903.354679,0.001107,931.252104,0.001074,907.128605,0.001102,725.175384,0.001379,835.35234,0.001197,734.817217,0.001361,185.756345,0.005383,25.098052,0.039844
951.871895,0.001051,903.354679,0.001107,931.252104,0.001074,907.128605,0.001102,725.175384,0.001379,835.35234,0.001197,734.817217,0.001361,185.756345,0.005383,25.905601,0.038602
951.871895,0.001051,903.354679,0.001107,931.252104,0.001074,907.128605,0.001102,725.175384,0.001379,835.35234,0.001197,734.817217,0.001361,185.756345,0.005383,25.905601,0.038602
951.871895,0.001051,903.354679,0.001107,931.252104,0.001074,907.128605,0.001102,725.175384,0.001379,835.35234,0.001197,734.817217,0.001361,185.756345,0.005383,25.905601,0.038602
951.871895,0.001051,903.354679,0.001107,931.252104,0.001074,907.128605,0.001102,725.175384,0.001379,835.35234,0.001197,734.817217,0.001361,185.756345,0.005383,25.905601,0.038602
951.871895,0.001051,903.354679,0.001107,931.252104,0.001074,907.128605,0.001102,725.175384,0.001379,835.35234,0.001197,734.817217,0.001361,185.756345,0.005383,25.905601,0.038602
951.871895,0.001051,903.354679,0.001107,931.252104,0.001074,907.128605,0.001102,725.175384,0.001379,835.35234,0.001197,734.817217,0.001361,199.549871,0.005011,25.905601,0.038602
951.871895,0.001051,903.354679,0.001107,931.252104,0.001074,907.128605,0.001102,725.175384,0.001379,835.35234,0.001197,734.817217,0.001361,199.549871,0.005011,25.905601,0.038602
951.871895,0.001051,903.354679,0.001107,931.252104,0.001074,907.128605,0.001102,725.175384,0.001379,835.35234,0.001197,734.817217,0.001361,199.549871,0.005011,25.905601,0.038602
951.871895,0.001051,903.354679,0.001107,931.252104,0.001074,907.128605,0.001102,725.175384,0.001379,835.35234,0.001197,734.817217,0.001361,199.549871,0.005011,25.905601,0.038602
951.871895,0.001051,903.354679,0.001107,931.252104,0.001074,907.128605,0.001102,725.175384,0.001379,835.35234,0.001197,734.817217,0.001361,199.549871,0.005011,25.905601,0.038602
951.871895,0.001051,903.354679,0.001107,931.252104,0.001074,907.128605,0.001102,725.175384,0.001379,835.35234,0.001197,734.817217,0.001361,199.549871,0.005011,25.905601,0.038602
951.871895,0.001051,903.354679,0.001107,931.252104,0.001074,907.128605,0.001102,725.175384,0.001379,835.35234,0.001197,734.817217,0.001361,199.549871,0.005011,25.905601,0.038602
951.871895,0.001051,903.354679,0.001107,931.252104,0.001074,907.128605,0.001102,725.175384,0.001379,835.35234,0.001197,734.817217,0.001361,199.549871,0.005011,23.866851,0.041899
951.871895,0.001051,903.354679,0.001107,931.252104,0.001074,907.128605,0.001102,725.175384,0.001379,835.35234,0.001197,734.817217,0.001361,199.549871,0.005011,23.866851,0.041899
951.871895,0.001051,903.354679,0.001107,931.252104,0.001074,907.128605,0.001102,725.175384,0.001379,835.35234,0.001197,734.817217,0.001361,199.549871,0.005011,23.866851,0.041899
951.871895,0.001051,903.354679,0.001107,931.252104,0.001074,907.128605,0.001102,725.175384,0.001379,835.35234,0.001197,734.817217,0.001361,199.549871,0.005011,23.866851,0.041899
951.871895,0.001051,903.354679,0.001107,931.252104,0.001074,907.128605,0.001102,725.175384,0.001379,835.35234,0.001197,734.817217,0.001361,199.549871,0.005011,23.866851,0.041899
951.871895,0.001051,903.354679,0.001107,931.252104,0.001074,907.128605,0.001102,725.175384,0.001379,835.35234,0.001197,734.817217,0.001361,199.549871,0.005011,23.866851,0.041899
951.871895,0.001051,903.354679,0.001107,931.252104,0.001074,907.128605,0.001102,725.175384,0.001379,835.35234,0.001197,734.817217,0.001361,199.549871,0.005011,23.866851,0.041899
951.871895,0.001051,903.354679,0.001107,931.252104,0.001074,907.128605,0.001102,725.175384,0.001379,835.35234,0.001197,734.817217,0.001361,199.549871,0.005011,23.866851,0.041899
951.871895,0.001051,903.354679,0.001107,931.252104,0.001074,907.128605,0.001102,725.175384,0.001379,835.35234,0.001197,734.817217,0.001361,199.549871,0.005011,23.866851,0.041899
951.871895,0.001051,903.354679,0.001107,931.252104,0.001074,907.128605,0.001102,725.175384,0.001379,835.35234,0.001197,734.817217,0.001361,199.549871,0.005011,23.866851,0.041899
951.871895,0.001051,903.354679,0.001107,931.252104,0.001074,907.128605,0.001102,725.175384,0.001379,835.35234,0.001197,734.817217,0.001361,199.549871,0.005011,23.866851,0.041899
951.871895,0.001051,903.354679,0.001107,931.252104,0.001074,907.128605,0.001102,725.175384,0.001379,835.35234,0.001197,734.817217,0.001361,199.549871,0.005011,23.866851,0.041899
951.871895,0.001051,903.354679,0.001107,931.252104,0.001074,907.128605,0.001102,725.175384,0.001379,835.35234,0.001197,734.817217,0.001361,199.549871,0.005011,23.866851,0.041899
951.871895,0.001051,903.354679,0.001107,931.252104,0.001074,907.128605,0.001102,725.175384,0.001379,835.35234,0.001197,734.817217,0.001361,199.549871,0.005011,23.866851,0.041899
951.871895,0.001051,903.354679,0.001107,931.252104,0.001074,907.128605,0.001102,725.175384,0.001379,835.35234,0.001197,734.817217,0.001361,199.549871,0.005011,25.381655,0.039399
951.871895,0.001051,903.354679,0.001107,931.252104,0.001074,907.128605,0.001102,725.175384,0.001379,835.35234,0.001197,734.817217,0.001361,199.549871,0.005011,25.381655,0.039399
951.871895,0.001051,903.354679,0.001107,931.252104,0.001074,907.128605,0.001102,725.175384,0.001379,835.35234,0.001197,734.817217,0.001361,199.549871,0.005011,25.381655,0.039399
951.871895,0.001051,903.354679,0.001107,931.252104,0.001074,907.128605,0.001102,725.175384,0.001379,835.35234,0.001197,734.817217,0.001361,199.549871,0.005011,25.381655,0.039399
951.871895,0.001051,903.354679,0.001107,931.252104,0.001074,907.128605,0.001102,725.175384,0.001379,835.35234,0.001197,734.817217,0.001361,199.549871,0.005011,25.381655,0.039399
951.871895,0.001051,903.354679,0.001107,931.252104,0.001074,907.128605,0.001102,725.175384,0.001379,835.35234,0.001197,734.817217,0.001361,199.549871,0.005011,25.381655,0.039399
951.871895,0.001051,903.354679,0.001107,931.252104,0.001074,907.128605,0.001102,725.175384,0.001379,835.35234,0.001197,734.817217,0.001361,199.549871,0.005011,25.381655,0.039399
951.871895,0.001051,903.354679,0.001107,931.252104,0.001074,907.128605,0.001102,725.175384,0.001379,835.35234,0.001197,734.817217,0.001361,199.549871,0.005011,25.381655,0.039399
951.871895,0.001051,903.354679,0.001107,931.252104,0.001074,907.128605,0.001102,725.175384,0.001379,835.35234,0.001197,734.817217,0.001361,199.549871,0.005011,25.381655,0.039399
951.871895,0.001051,903.354679,0.001107,931.252104,0.001074,907.128605,0.001102,725.175384,0.001379,835.35234,0.001197,734.817217,0.001361,199.549871,0.005011,25.381655,0.039399
951.871895,0.001051,903.354679,0.001107,931.252104,0.001074,907.128605,0.001102,725.175384,0.001379,835.35234,0.001197,734.817217,0.001361,199.549871,0.005011,25.381655,0.039399
951.871895,0.001051,903.354679,0.001107,931.252104,0.001074,907.128605,0.001102,725.175384,0.001379,835.35234,0.001197,734.817217,0.001361,199.549871,0.005011,25.381655,0.039399
951.871895,0.001051,903.354679,0.001107,931.252104,0.001074,907.128605,0.001102,725.175384,0.001379,835.35234,0.001197,734.817217,0.001361,199.549871,0.005011,25.381655,0.039399
951.871895,0.001051,903.354679,0.001107,931.252104,0.001074,907.128605,0.001102,725.175384,0.001379,835.35234,0.001197,734.817217,0.001361,199.549871,0.005011,26.962131,0.037089
951.871895,0.001051,903.354679,0.001107,931.252104,0.001074,907.128605,0.001102,725.175384,0.001379,835.35234,0.001197,734.817217,0.001361,199.549871,0.005011,26.962131,0.037089
951.871895,0.001051,903.354679,0.001107,931.252104,0.001074,907.128605,0.001102,725.175384,0.001379,835.35234,0.001197,734.817217,0.001361,199.549871,0.005011,26.962131,0.037089
951.871895,0.001051,903.354679,0.001107,931.252104,0.001074,907.128605,0.001102,725.175384,0.001379,835.35234,0.001197,734.817217,0.001361,199.549871,0.005011,26.962131,0.037089
951.871895,0.001051,903.354679,0.001107,931.252104,0.001074,907.128605,0.001102,725.175384,0.001379,835.35234,0.001197,734.817217,0.001361,199.549871,0.005011,26.962131,0.037089
951.871895,0.001051,903.354679,0.001107,931.252104,0.001074,907.128605,0.001102,725.175384,0.001379,835.35234,0.001197,734.817217,0.001361,199.549871,0.005011,26.962131,0.037089
951.871895,0.001051,903.354679,0.001107,931.252104,0.001074,907.128605,0.001102,725.175384,0.001379,835.35234,0.001197,734.817217,0.001361,199.549871,0.005011,26.962131,0.037089
951.871895,0.001051,903.354679,0.001107,931.252104,0.001074,907.128605,0.001102,725.175384,0.001379,835.35234,0.001197,734.817217,0.001361,199.549871,0.005011,26.962131,0.037089
951.871895,0.001051,903.354679,0.001107,931.252104,0.001074,907.128605,0.001102,725.175384,0.001379,835.35234,0.001197,734.817217,0.001361,199.549871,0.005011,26.962131,0.037089
951.871895,0.001051,903.354679,0.001107,931.252104,0.001074,907.128605,0.001102,725.175384,0.001379,835.35234,0.001197,734.817217,0.001361,199.549871,0.005011,26.962131,0.037089
951.871895,0.001051,903.354679,0.001107,931.252104,0.001074,907.128605,0.001102,725.175384,0.001379,835.35234,0.001197,734.817217,0.001361,199.549871,0.005011,26.962131,0.037089
951.871895,0.001051,903.354679,0.001107,931.252104,0.001074,907.128605,0.001102,725.175384,0.001379,835.35234,0.001197,734.817217,0.001361,199.549871,0.005011,26.962131,0.037089
951.871895,0.001051,903.354679,0.001107,931.252104,0.001074,907.128605,0.001102,725.175384,0.001379,835.35234,0.001197,734.817217,0.001361,199.549871,0.005011,26.962131,0.037089
951.871895,0.001051,903.354679,0.001107,931.252104,0.001074,907.128605,0.001102,725.175384,0.001379,835.35234,0.001197,734.817217,0.001361,199.549871,0.005011,26.962131,0.037089
951.871895,0.001051,903.354679,0.001107,931.252104,0.001074,907.128605,0.001102,725.175384,0.001379,835.35234,0.001197,734.817217,0.001361,199.549871,0.005011,27.026992,0.037
951.871895,0.001051,903.354679,0.001107,931.252104,0.001074,907.128605,0.001102,725.175384,0.001379,835.35234,0.001197,734.817217,0.001361,199.549871,0.005011,27.026992,0.037
951.871895,0.001051,903.354679,0.001107,931.252104,0.001074,907.128605,0.001102,725.175384,0.001379,835.35234,0.001197,734.817217,0.001361,199.549871,0.005011,27.026992,0.037
951.871895,0.001051,903.354679,0.001107,931.252104,0.001074,907.128605,0.001102,725.175384,0.001379,835.35234,0.001197,734.817217,0.001361,199.549871,0.005011,27.026992,0.037
951.871895,0.001051,903.354679,0.001107,931.252104,0.001074,907.128605,0.001102,725.175384,0.001379,835.35234,0.001197,734.817217,0.001361,199.549871,0.005011,27.026992,0.037
951.871895,0.001051,903.354679,0.001107,931.252104,0.001074,907.128605,0.001102,725.175384,0.001379,835.35234,0.001197,734.817217,0.001361,199.549871,0.005011,27.026992,0.037
951.871895,0.001051,903.354679,0.001107,931.252104,0.001074,907.128605,0.001102,725.175384,0.001379,835.35234,0.001197,734.817217,0.001361,199.549871,0.005011,27.026992,0.037
951.871895,0.001051,903.354679,0.001107,931.252104,0.001074,907.128605,0.001102,725.175384,0.001379,835.35234,0.001197,734.817217,0.001361,199.549871,0.005011,27.026992,0.037
951.871895,0.001051,903.354679,0.001107,931.252104,0.001074,907.128605,0.001102,725.175384,0.001379,835.35234,0.001197,734.817217,0.001361,199.549871,0.005011,27.026992,0.037
951.871895,0.001051,903.354679,0.001107,931.252104,0.001074,907.128605,0.001102,725.175384,0.001379,835.35234,0.001197,734.817217,0.001361,199.549871,0.005011,27.026992,0.037
951.871895,0.001051,903.354679,0.001107,931.252104,0.001074,907.128605,0.001102,725.175384,0.001379,835.35234,0.001197,734.817217,0.001361,199.549871,0.005011,27.026992,0.037
951.871895,0.001051,903.354679,0.001107,931.252104,0.001074,907.128605,0.001102,725.175384,0.001379,835.35234,0.001197,734.817217,0.001361,199.549871,0.005011,27.026992,0.037
951.871895,0.001051,903.354679,0.001107,931.252104,0.001074,907.128605,0.001102,725.175384,0.001379,835.35234,0.001197,734.817217,0.001361,199.549871,0.005011,27.026992,0.037
951.871895,0.001051,903.354679,0.001107,931.252104,0.001074,907.128605,0.001102,725.175384,0.001379,835.35234,0.001197,734.817217,0.001361,199.549871,0.005011,27.026992,0.037
951.871895,0.001051,903.354679,0.001107,931.252104,0.001074,907.128605,0.001102,725.175384,0.001379,835.35234,0.001197,734.817217,0.001361,199.549871,0.005011,27.026992,0.037
951.871895,0.001051,903.354679,0.001107,931.252104,0.001074,907.128605,0.001102,725.175384,0.001379,835.35234,0.001197,734.817217,0.001361,199.549871,0.005011,27.026992,0.037
951.871895,0.001051,903.354679,0.001107,931.252104,0.001074,907.128605,0.001102,725.175384,0.001379,835.35234,0.001197,734.817217,0.001361,199.549871,0.005011,29.278246,0.034155
951.871895,0.001051,903.354679,0.001107,931.252104,0.001074,907.128605,0.001102,725.175384,0.001379,835.35234,0.001197,734.817217,0.001361,199.549871,0.005011,29.278246,0.034155
951.871895,0.001051,903.354679,0.001107,931.252104,0.001074,907.128605,0.001102,725.175384,0.001379,835.35234,0.001197,734.817217,0.001361,199.549871,0.005011,29.278246,0.034155
951.871895,0.001051,903.354679,0.001107,931.252104,0.001074,907.128605,0.001102,725.175384,0.001379,835.35234,0.001197,734.817217,0.001361,199.549871,0.005011,29.278246,0.034155
951.871895,0.001051,903.354679,0.001107,931.252104,0.001074,907.128605,0.001102,725.175384,0.001379,835.35234,0.001197,734.817217,0.001361,199.549871,0.005011,29.278246,0.034155
951.871895,0.001051,903.354679,0.001107,931.252104,0.001074,907.128605,0.001102,725.175384,0.001379,835.35234,0.001197,734.817217,0.001361,199.549871,0.005011,29.278246,0.034155
951.871895,0.001051,903.354679,0.001107,931.252104,0.001074,907.128605,0.001102,725.175384,0.001379,835.35234,0.001197,734.817217,0.001361,199.549871,0.005011,29.278246,0.034155
951.871895,0.001051,903.354679,0.001107,931.252104,0.001074,907.128605,0.001102,725.175384,0.001379,835.35234,0.001197,734.817217,0.001361,199.549871,0.005011,29.278246,0.034155
951.871895,0.001051,903.354679,0.001107,931.252104,0.001074,907.128605,0.001102,725.175384,0.001379,835.35234,0.001197,734.817217,0.001361,199.549871,0.005011,29.278246,0.034155
951.871895,0.001051,903.354679,0.001107,931.252104,0.001074,907.128605,0.001102,725.175384,0.001379,835.35234,0.001197,734.817217,0.001361,199.549871,0.005011,29.278246,0.034155
951.871895,0.001051,903.354679,0.001107,931.252104,0.001074,907.128605,0.001102,725.175384,0.001379,835.35234,0.001197,734.817217,0.001361,199.549871,0.005011,29.278246,0.034155
951.871895,0.001051,903.354679,0.001107,931.252104,0.001074,907.128605,0.001102,725.175384,0.001379,835.35234,0.001197,734.817217,0.001361,199.549871,0.005011,29.278246,0.034155
951.871895,0.001051,903.354679,0.001107,931.252104,0.001074,907.128605,0.001102,725.175384,0.001379,835.35234,0.001197,734.817217,0.001361,199.549871,0.005011,25.571731,0.039106
951.871895,0.001051,903.354679,0.001107,931.252104,0.001074,907.128605,0.001102,725.175384,0.001379,835.35234,0.001197,734.817217,0.001361,199.549871,0.005011,25.571731,0.039106
951.871895,0.001051,903.354679,0.001107,931.252104,0.001074,907.128605,0.001102,725.175384,0.001379,835.35234,0.001197,734.817217,0.001361,199.549871,0.005011,25.571731,0.039106
951.871895,0.001051,903.354679,0.001107,931.252104,0.001074,907.128605,0.001102,725.175384,0.001379,835.35234,0.001197,734.817217,0.001361,199.549871,0.005011,25.571731,0.039106
951.871895,0.001051,903.354679,0.001107,931.252104,0.001074,907.128605,0.001102,725.175384,0.001379,835.35234,0.001197,734.817217,0.001361,199.549871,0.005011,25.571731,0.039106
951.871895,0.001051,903.354679,0.001107,931.252104,0.001074,907.128605,0.001102,725.175384,0.001379,835.35234,0.001197,734.817217,0.001361,199.549871,0.005011,25.571731,0.039106
951.871895,0.001051,903.354679,0.001107,931.252104,0.001074,907.128605,0.001102,725.175384,0.001379,835.35234,0.001197,734.817217,0.001361,199.549871,0.005011,25.571731,0.039106
951.871895,0.001051,903.354679,0.001107,931.252104,0.001074,907.128605,0.001102,725.175384,0.001379,835.35234,0.001197,734.817217,0.001361,199.549871,0.005011,25.571731,0.039106
951.871895,0.001051,903.354679,0.001107,931.252104,0.001074,907.128605,0.001102,725.175384,0.001379,835.35234,0.001197,734.817217,0.001361,199.549871,0.005011,25.571731,0.039106
951.871895,0.001051,903.354679,0.001107,931.252104,0.001074,907.128605,0.001102,725.175384,0.001379,835.35234,0.001197,734.817217,0.001361,199.549871,0.005011,25.571731,0.039106
951.871895,0.001051,903.354679,0.001107,931.252104,0.001074,907.128605,0.001102,725.175384,0.001379,835.35234,0.001197,734.817217,0.001361,199.549871,0.005011,25.571731,0.039106
951.871895,0.001051,903.354679,0.001107,931.252104,0.001074,907.128605,0.001102,725.175384,0.001379,835.35234,0.001197,734.817217,0.001361,199.549871,0.005011,25.571731,0.039106
951.871895,0.001051,903.354679,0.001107,931.252104,0.001074,907.128605,0.001102,725.175384,0.001379,835.35234,0.001197,734.817217,0.001361,199.549871,0.005011,25.571731,0.039106
951.871895,0.001051,903.354679,0.001107,931.252104,0.001074,907.128605,0.001102,725.175384,0.001379,835.35234,0.001197,734.817217,0.001361,199.549871,0.005011,25.571731,0.039106
951.871895,0.001051,903.354679,0.001107,931.252104,0.001074,907.128605,0.001102,725.175384,0.001379,835.35234,0.001197,734.817217,0.001361,199.549871,0.005011,25.555651,0.03913
951.871895,0.001051,903.354679,0.001107,931.252104,0.001074,907.128605,0.001102,725.175384,0.001379,835.35234,0.001197,734.817217,0.001361,199.549871,0.005011,25.555651,0.03913
951.871895,0.001051,903.354679,0.001107,931.252104,0.001074,907.128605,0.001102,725.175384,0.001379,835.35234,0.001197,734.817217,0.001361,199.549871,0.005011,25.555651,0.03913
951.871895,0.001051,903.354679,0.001107,931.252104,0.001074,907.128605,0.001102,725.175384,0.001379,835.35234,0.001197,734.817217,0.001361,199.549871,0.005011,25.555651,0.03913
951.871895,0.001051,903.354679,0.001107,931.252104,0.001074,907.128605,0.001102,725.175384,0.001379,835.35234,0.001197,734.817217,0.001361,199.549871,0.005011,25.555651,0.03913
951.871895,0.001051,903.354679,0.001107,931.252104,0.001074,907.128605,0.001102,725.175384,0.001379,835.35234,0.001197,734.817217,0.001361,199.549871,0.005011,25.555651,0.03913
951.871895,0.001051,903.354679,0.001107,931.252104,0.001074,907.128605,0.001102,725.175384,0.001379,835.35234,0.001197,734.817217,0.001361,199.549871,0.005011,25.555651,0.03913
951.871895,0.001051,903.354679,0.001107,931.252104,0.001074,907.128605,0.001102,725.175384,0.001379,835.35234,0.001197,734.817217,0.001361,199.549871,0.005011,25.555651,0.03913
951.871895,0.001051,903.354679,0.001107,931.252104,0.001074,907.128605,0.001102,725.175384,0.001379,835.35234,0.001197,734.817217,0.001361,199.549871,0.005011,25.555651,0.03913
951.871895,0.001051,903.354679,0.001107,931.252104,0.001074,907.128605,0.001102,725.175384,0.001379,835.35234,0.001197,734.817217,0.001361,199.549871,0.005011,25.555651,0.03913
951.871895,0.001051,903.354679,0.001107,931.252104,0.001074,907.128605,0.001102,725.175384,0.001379,835.35234,0.001197,734.817217,0.001361,199.302514,0.005017,25.555651,0.03913
951.871895,0.001051,903.354679,0.001107,931.252104,0.001074,907.128605,0.001102,725.175384,0.001379,835.35234,0.001197,734.817217,0.001361,199.302514,0.005017,25.555651,0.03913
951.871895,0.001051,903.354679,0.001107,931.252104,0.001074,907.128605,0.001102,725.175384,0.001379,835.35234,0.001197,734.817217,0.001361,199.302514,0.005017,25.555651,0.03913
951.871895,0.001051,903.354679,0.001107,931.252104,0.001074,907.128605,0.001102,725.175384,0.001379,835.35234,0.001197,734.817217,0.001361,199.302514,0.005017,25.555651,0.03913
951.871895,0.001051,903.354679,0.001107,931.252104,0.001074,907.128605,0.001102,725.175384,0.001379,835.35234,0.001197,734.817217,0.001361,199.302514,0.005017,27.046558,0.036973
951.871895,0.001051,903.354679,0.001107,931.252104,0.001074,907.128605,0.001102,725.175384,0.001379,835.35234,0.001197,734.817217,0.001361,199.302514,0.005017,27.046558,0.036973
951.871895,0.001051,903.354679,0.001107,931.252104,0.001074,907.128605,0.001102,725.175384,0.001379,835.35234,0.001197,734.817217,0.001361,199.302514,0.005017,27.046558,0.036973
951.871895,0.001051,903.354679,0.001107,931.252104,0.001074,907.128605,0.001102,725.175384,0.001379,835.35234,0.001197,734.817217,0.001361,199.302514,0.005017,27.046558,0.036973
951.871895,0.001051,903.354679,0.001107,931.252104,0.001074,907.128605,0.001102,725.175384,0.001379,835.35234,0.001197,734.817217,0.001361,199.302514,0.005017,27.046558,0.036973
951.871895,0.001051,903.354679,0.001107,931.252104,0.001074,907.128605,0.001102,725.175384,0.001379,835.35234,0.001197,734.817217,0.001361,199.302514,0.005017,27.046558,0.036973
951.871895,0.001051,903.354679,0.001107,931.252104,0.001074,907.128605,0.001102,725.175384,0.001379,835.35234,0.001197,734.817217,0.001361,199.302514,0.005017,27.046558,0.036973
951.871895,0.001051,903.354679,0.001107,931.252104,0.001074,907.128605,0.001102,725.175384,0.001379,835.35234,0.001197,734.817217,0.001361,199.302514,0.005017,27.046558,0.036973
951.871895,0.001051,903.354679,0.001107,931.252104,0.001074,907.128605,0.001102,725.175384,0.001379,835.35234,0.001197,734.817217,0.001361,199.302514,0.005017,27.046558,0.036973
951.871895,0.001051,903.354679,0.001107,931.252104,0.001074,907.128605,0.001102,725.175384,0.001379,835.35234,0.001197,734.817217,0.001361,199.302514,0.005017,27.046558,0.036973
951.871895,0.001051,903.354679,0.001107,931.252104,0.001074,907.128605,0.001102,725.175384,0.001379,835.35234,0.001197,734.817217,0.001361,199.302514,0.005017,27.046558,0.036973
951.871895,0.001051,903.354679,0.001107,931.252104,0.001074,907.128605,0.001102,725.175384,0.001379,835.35234,0.001197,734.817217,0.001361,199.302514,0.005017,27.046558,0.036973
951.871895,0.001051,903.354679,0.001107,931.252104,0.001074,907.128605,0.001102,725.175384,0.001379,835.35234,0.001197,734.817217,0.001361,199.302514,0.005017,27.046558,0.036973
951.871895,0.001051,903.354679,0.001107,931.252104,0.001074,907.128605,0.001102,725.175384,0.001379,835.35234,0.001197,734.817217,0.001361,199.302514,0.005017,27.131489,0.036858
951.871895,0.001051,903.354679,0.001107,931.252104,0.001074,907.128605,0.001102,725.175384,0.001379,835.35234,0.001197,734.817217,0.001361,199.302514,0.005017,27.131489,0.036858
951.871895,0.001051,903.354679,0.001107,931.252104,0.001074,907.128605,0.001102,725.175384,0.001379,835.35234,0.001197,734.817217,0.001361,199.302514,0.005017,27.131489,0.036858
951.871895,0.001051,903.354679,0.001107,931.252104,0.001074,907.128605,0.001102,725.175384,0.001379,835.35234,0.001197,734.817217,0.001361,199.302514,0.005017,27.131489,0.036858
951.871895,0.001051,903.354679,0.001107,931.252104,0.001074,907.128605,0.001102,725.175384,0.001379,835.35234,0.001197,734.817217,0.001361,199.302514,0.005017,27.131489,0.036858
951.871895,0.001051,903.354679,0.001107,931.252104,0.001074,907.128605,0.001102,725.175384,0.001379,835.35234,0.001197,734.817217,0.001361,199.302514,0.005017,27.131489,0.036858
951.871895,0.001051,903.354679,0.001107,931.252104,0.001074,907.128605,0.001102,725.175384,0.001379,835.35234,0.001197,734.817217,0.001361,199.302514,0.005017,27.131489,0.036858
951.871895,0.001051,903.354679,0.001107,931.252104,0.001074,907.128605,0.001102,725.175384,0.001379,835.35234,0.001197,734.817217,0.001361,199.302514,0.005017,27.131489,0.036858
951.871895,0.001051,903.354679,0.001107,931.252104,0.001074,907.128605,0.001102,725.175384,0.001379,835.35234,0.001197,734.817217,0.001361,199.302514,0.005017,27.131489,0.036858
951.871895,0.001051,903.354679,0.001107,931.252104,0.001074,907.128605,0.001102,725.175384,0.001379,835.35234,0.001197,734.817217,0.001361,199.302514,0.005017,27.131489,0.036858
951.871895,0.001051,903.354679,0.001107,931.252104,0.001074,907.128605,0.001102,725.175384,0.001379,835.35234,0.001197,734.817217,0.001361,199.302514,0.005017,27.131489,0.036858
951.871895,0.001051,903.354679,0.001107,931.252104,0.001074,907.128605,0.001102,725.175384,0.001379,835.35234,0.001197,734.817217,0.001361,199.302514,0.005017,27.131489,0.036858
951.871895,0.001051,903.354679,0.001107,931.252104,0.001074,907.128605,0.001102,725.175384,0.001379,835.35234,0.001197,734.817217,0.001361,199.302514,0.005017,27.131489,0.036858
951.871895,0.001051,903.354679,0.001107,931.252104,0.001074,907.128605,0.001102,725.175384,0.001379,835.35234,0.001197,734.817217,0.001361,199.302514,0.005017,27.131489,0.036858
951.871895,0.001051,903.354679,0.001107,931.252104,0.001074,907.128605,0.001102,725.175384,0.001379,835.35234,0.001197,734.817217,0.001361,199.302514,0.005017,27.28515,0.03665
951.871895,0.001051,903.354679,0.001107,931.252104,0.001074,907.128605,0.001102,725.175384,0.001379,835.35234,0.001197,734.817217,0.001361,199.302514,0.005017,27.28515,0.03665
951.871895,0.001051,903.354679,0.001107,931.252104,0.001074,907.128605,0.001102,725.175384,0.001379,835.35234,0.001197,734.817217,0.001361,199.302514,0.005017,27.28515,0.03665
951.871895,0.001051,903.354679,0.001107,931.252104,0.001074,907.128605,0.001102,725.175384,0.001379,835.35234,0.001197,734.817217,0.001361,199.302514,0.005017,27.28515,0.03665
951.871895,0.001051,903.354679,0.001107,931.252104,0.001074,907.128605,0.001102,725.175384,0.001379,835.35234,0.001197,734.817217,0.001361,199.302514,0.005017,27.28515,0.03665
951.871895,0.001051,903.354679,0.001107,931.252104,0.001074,907.128605,0.001102,725.175384,0.001379,835.35234,0.001197,734.817217,0.001361,199.302514,0.005017,27.28515,0.03665
951.871895,0.001051,903.354679,0.001107,931.252104,0.001074,907.128605,0.001102,725.175384,0.001379,835.35234,0.001197,734.817217,0.001361,199.302514,0.005017,27.28515,0.03665
951.871895,0.001051,903.354679,0.001107,931.252104,0.001074,907.128605,0.001102,725.175384,0.001379,835.35234,0.001197,734.817217,0.001361,199.302514,0.005017,27.28515,0.03665
951.871895,0.001051,903.354679,0.001107,931.252104,0.001074,907.128605,0.001102,725.175384,0.001379,835.35234,0.001197,734.817217,0.001361,199.302514,0.005017,27.28515,0.03665
951.871895,0.001051,903.354679,0.001107,931.252104,0.001074,907.128605,0.001102,725.175384,0.001379,835.35234,0.001197,734.817217,0.001361,199.302514,0.005017,27.28515,0.03665
951.871895,0.001051,903.354679,0.001107,931.252104,0.001074,907.128605,0.001102,725.175384,0.001379,835.35234,0.001197,734.817217,0.001361,199.302514,0.005017,27.28515,0.03665
951.871895,0.001051,903.354679,0.001107,931.252104,0.001074,907.128605,0.001102,725.175384,0.001379,835.35234,0.001197,734.817217,0.001361,199.302514,0.005017,27.28515,0.03665
951.871895,0.001051,903.354679,0.001107,931.252104,0.001074,907.128605,0.001102,725.175384,0.001379,835.35234,0.001197,734.817217,0.001361,199.302514,0.005017,27.28515,0.03665
951.871895,0.001051,903.354679,0.001107,931.252104,0.001074,907.128605,0.001102,725.175384,0.001379,835.35234,0.001197,734.817217,0.001361,199.302514,0.005017,25.252193,0.039601
951.871895,0.001051,903.354679,0.001107,931.252104,0.001074,907.128605,0.001102,725.175384,0.001379,835.35234,0.001197,734.817217,0.001361,199.302514,0.005017,25.252193,0.039601
951.871895,0.001051,903.354679,0.001107,931.252104,0.001074,907.128605,0.001102,725.175384,0.001379,835.35234,0.001197,734.817217,0.001361,199.302514,0.005017,25.252193,0.039601
951.871895,0.001051,903.354679,0.001107,931.252104,0.001074,907.128605,0.001102,725.175384,0.001379,835.35234,0.001197,734.817217,0.001361,199.302514,0.005017,25.252193,0.039601
951.871895,0.001051,903.354679,0.001107,931.252104,0.001074,907.128605,0.001102,725.175384,0.001379,835.35234,0.001197,734.817217,0.001361,199.302514,0.005017,25.252193,0.039601
951.871895,0.001051,903.354679,0.001107,931.252104,0.001074,907.128605,0.001102,725.175384,0.001379,835.35234,0.001197,734.817217,0.001361,199.302514,0.005017,25.252193,0.039601
951.871895,0.001051,903.354679,0.001107,931.252104,0.001074,907.128605,0.001102,725.175384,0.001379,835.35234,0.001197,734.817217,0.001361,199.302514,0.005017,25.252193,0.039601
951.871895,0.001051,903.354679,0.001107,931.252104,0.001074,907.128605,0.001102,725.175384,0.001379,835.35234,0.001197,734.817217,0.001361,199.302514,0.005017,25.252193,0.039601
951.871895,0.001051,903.354679,0.001107,931.252104,0.001074,907.128605,0.001102,725.175384,0.001379,835.35234,0.001197,734.817217,0.001361,199.302514,0.005017,25.252193,0.039601
951.871895,0.001051,903.354679,0.001107,931.252104,0.001074,907.128605,0.001102,725.175384,0.001379,835.35234,0.001197,734.817217,0.001361,199.302514,0.005017,25.252193,0.039601
951.871895,0.001051,903.354679,0.001107,931.252104,0.001074,907.128605,0.001102,725.175384,0.001379,835.35234,0.001197,734.817217,0.001361,199.302514,0.005017,25.252193,0.039601
951.871895,0.001051,903.354679,0.001107,931.252104,0.001074,907.128605,0.001102,725.175384,0.001379,835.35234,0.001197,734.817217,0.001361,199.302514,0.005017,25.252193,0.039601
951.871895,0.001051,903.354679,0.001107,931.252104,0.001074,907.128605,0.001102,725.175384,0.001379,835.35234,0.001197,734.817217,0.001361,199.302514,0.005017,25.252193,0.039601
951.871895,0.001051,903.354679,0.001107,931.252104,0.001074,907.128605,0.001102,725.175384,0.001379,835.35234,0.001197,734.817217,0.001361,199.302514,0.005017,25.252193,0.039601
951.871895,0.001051,903.354679,0.001107,931.252104,0.001074,907.128605,0.001102,725.175384,0.001379,835.35234,0.001197,734.817217,0.001361,199.302514,0.005017,25.252193,0.039601
951.871895,0.001051,903.354679,0.001107,931.252104,0.001074,907.128605,0.001102,725.175384,0.001379,835.35234,0.001197,734.817217,0.001361,199.302514,0.005017,27.337746,0.036579
951.871895,0.001051,903.354679,0.001107,931.252104,0.001074,907.128605,0.001102,725.175384,0.001379,835.35234,0.001197,734.817217,0.001361,199.302514,0.005017,27.337746,0.036579
951.871895,0.001051,903.354679,0.001107,931.252104,0.001074,907.128605,0.001102,725.175384,0.001379,835.35234,0.001197,734.817217,0.001361,199.302514,0.005017,27.337746,0.036579
951.871895,0.001051,903.354679,0.001107,931.252104,0.001074,907.128605,0.001102,725.175384,0.001379,835.35234,0.001197,734.817217,0.001361,199.302514,0.005017,27.337746,0.036579
951.871895,0.001051,903.354679,0.001107,931.252104,0.001074,907.128605,0.001102,725.175384,0.001379,835.35234,0.001197,734.817217,0.001361,199.302514,0.005017,27.337746,0.036579
951.871895,0.001051,903.354679,0.001107,931.252104,0.001074,907.128605,0.001102,725.175384,0.001379,835.35234,0.001197,734.817217,0.001361,199.302514,0.005017,27.337746,0.036579
951.871895,0.001051,903.354679,0.001107,931.252104,0.001074,907.128605,0.001102,725.175384,0.001379,835.35234,0.001197,734.817217,0.001361,199.302514,0.005017,27.337746,0.036579
951.871895,0.001051,903.354679,0.001107,931.252104,0.001074,907.128605,0.001102,725.175384,0.001379,835.35234,0.001197,734.817217,0.001361,199.302514,0.005017,27.337746,0.036579
951.871895,0.001051,903.354679,0.001107,931.252104,0.001074,907.128605,0.001102,725.175384,0.001379,835.35234,0.001197,734.817217,0.001361,199.302514,0.005017,27.337746,0.036579
951.871895,0.001051,903.354679,0.001107,931.252104,0.001074,907.128605,0.001102,725.175384,0.001379,835.35234,0.001197,734.817217,0.001361,199.302514,0.005017,27.337746,0.036579
951.871895,0.001051,903.354679,0.001107,931.252104,0.001074,907.128605,0.001102,725.175384,0.001379,835.35234,0.001197,734.817217,0.001361,199.302514,0.005017,27.337746,0.036579
951.871895,0.001051,903.354679,0.001107,931.252104,0.001074,907.128605,0.001102,725.175384,0.001379,835.35234,0.001197,734.817217,0.001361,199.302514,0.005017,27.337746,0.036579
951.871895,0.001051,903.354679,0.001107,931.252104,0.001074,907.128605,0.001102,725.175384,0.001379,835.35234,0.001197,734.817217,0.001361,199.302514,0.005017,27.337746,0.036579
951.871895,0.001051,903.354679,0.001107,931.252104,0.001074,907.128605,0.001102,725.175384,0.001379,835.35234,0.001197,734.817217,0.001361,199.302514,0.005017,27.149474,0.036833
951.871895,0.001051,903.354679,0.001107,931.252104,0.001074,907.128605,0.001102,725.175384,0.001379,835.35234,0.001197,734.817217,0.001361,199.302514,0.005017,27.149474,0.036833
951.871895,0.001051,903.354679,0.001107,931.252104,0.001074,907.128605,0.001102,725.175384,0.001379,835.35234,0.001197,734.817217,0.001361,199.302514,0.005017,27.149474,0.036833
951.871895,0.001051,903.354679,0.001107,931.252104,0.001074,907.128605,0.001102,725.175384,0.001379,835.35234,0.001197,734.817217,0.001361,199.302514,0.005017,27.149474,0.036833
951.871895,0.001051,903.354679,0.001107,931.252104,0.001074,907.128605,0.001102,725.175384,0.001379,835.35234,0.001197,734.817217,0.001361,199.302514,0.005017,27.149474,0.036833
951.871895,0.001051,903.354679,0.001107,931.252104,0.001074,907.128605,0.001102,725.175384,0.001379,835.35234,0.001197,734.817217,0.001361,199.302514,0.005017,27.149474,0.036833
951.871895,0.001051,903.354679,0.001107,931.252104,0.001074,907.128605,0.001102,725.175384,0.001379,835.35234,0.001197,734.817217,0.001361,199.302514,0.005017,27.149474,0.036833
951.871895,0.001051,903.354679,0.001107,931.252104,0.001074,907.128605,0.001102,725.175384,0.001379,835.35234,0.001197,734.817217,0.001361,199.302514,0.005017,27.149474,0.036833
951.871895,0.001051,903.354679,0.001107,931.252104,0.001074,907.128605,0.001102,725.175384,0.001379,835.35234,0.001197,734.817217,0.001361,199.302514,0.005017,27.149474,0.036833
951.871895,0.001051,903.354679,0.001107,931.252104,0.001074,907.128605,0.001102,725.175384,0.001379,835.35234,0.001197,734.817217,0.001361,199.302514,0.005017,27.149474,0.036833
951.871895,0.001051,903.354679,0.001107,931.252104,0.001074,907.128605,0.001102,725.175384,0.001379,835.35234,0.001197,734.817217,0.001361,199.302514,0.005017,27.149474,0.036833
951.871895,0.001051,903.354679,0.001107,931.252104,0.001074,907.128605,0.001102,725.175384,0.001379,835.35234,0.001197,734.817217,0.001361,199.302514,0.005017,27.149474,0.036833
951.871895,0.001051,903.354679,0.001107,931.252104,0.001074,907.128605,0.001102,725.175384,0.001379,835.35234,0.001197,734.817217,0.001361,199.302514,0.005017,27.149474,0.036833
951.871895,0.001051,903.354679,0.001107,931.252104,0.001074,907.128605,0.001102,725.175384,0.001379,835.35234,0.001197,734.817217,0.001361,199.302514,0.005017,27.149474,0.036833
951.871895,0.001051,903.354679,0.001107,931.252104,0.001074,907.128605,0.001102,725.175384,0.001379,835.35234,0.001197,734.817217,0.001361,199.302514,0.005017,25.716326,0.038886
951.871895,0.001051,903.354679,0.001107,931.252104,0.001074,907.128605,0.001102,725.175384,0.001379,835.35234,0.001197,734.817217,0.001361,199.302514,0.005017,25.716326,0.038886
951.871895,0.001051,903.354679,0.001107,931.252104,0.001074,907.128605,0.001102,725.175384,0.001379,835.35234,0.001197,734.817217,0.001361,199.302514,0.005017,25.716326,0.038886
951.871895,0.001051,903.354679,0.001107,931.252104,0.001074,907.128605,0.001102,725.175384,0.001379,835.35234,0.001197,734.817217,0.001361,199.302514,0.005017,25.716326,0.038886
951.871895,0.001051,903.354679,0.001107,931.252104,0.001074,907.128605,0.001102,725.175384,0.001379,835.35234,0.001197,734.817217,0.001361,199.302514,0.005017,25.716326,0.038886
951.871895,0.001051,903.354679,0.001107,931.252104,0.001074,907.128605,0.001102,725.175384,0.001379,835.35234,0.001197,763.943751,0.001309,199.302514,0.005017,25.716326,0.038886
951.871895,0.001051,903.354679,0.001107,931.252104,0.001074,907.128605,0.001102,725.175384,0.001379,835.35234,0.001197,763.943751,0.001309,199.302514,0.005017,25.716326,0.038886
951.871895,0.001051,903.354679,0.001107,931.252104,0.001074,907.128605,0.001102,725.175384,0.001379,835.35234,0.001197,763.943751,0.001309,199.302514,0.005017,25.716326,0.038886
951.871895,0.001051,903.354679,0.001107,931.252104,0.001074,907.128605,0.001102,725.175384,0.001379,835.35234,0.001197,763.943751,0.001309,199.302514,0.005017,25.716326,0.038886
951.871895,0.001051,903.354679,0.001107,931.252104,0.001074,907.128605,0.001102,725.175384,0.001379,835.35234,0.001197,763.943751,0.001309,199.302514,0.005017,25.716326,0.038886
951.871895,0.001051,903.354679,0.001107,931.252104,0.001074,907.128605,0.001102,725.175384,0.001379,835.35234,0.001197,763.943751,0.001309,199.302514,0.005017,25.716326,0.038886
951.871895,0.001051,903.354679,0.001107,931.252104,0.001074,907.128605,0.001102,725.175384,0.001379,835.35234,0.001197,763.943751,0.001309,199.302514,0.005017,25.716326,0.038886
951.871895,0.001051,903.354679,0.001107,931.252104,0.001074,907.128605,0.001102,725.175384,0.001379,835.35234,0.001197,763.943751,0.001309,199.302514,0.005017,25.716326,0.038886
951.871895,0.001051,903.354679,0.001107,931.252104,0.001074,907.128605,0.001102,725.175384,0.001379,835.35234,0.001197,763.943751,0.001309,199.302514,0.005017,26.718361,0.037427
951.871895,0.001051,903.354679,0.001107,931.252104,0.001074,907.128605,0.001102,725.175384,0.001379,835.35234,0.001197,763.943751,0.001309,197.496624,0.005063,26.718361,0.037427
951.871895,0.001051,903.354679,0.001107,931.252104,0.001074,907.128605,0.001102,725.175384,0.001379,835.35234,0.001197,763.943751,0.001309,197.496624,0.005063,26.718361,0.037427
951.871895,0.001051,903.354679,0.001107,931.252104,0.001074,907.128605,0.001102,787.414081,0.00127,835.35234,0.001197,763.943751,0.001309,197.496624,0.005063,26.718361,0.037427
951.871895,0.001051,903.354679,0.001107,931.252104,0.001074,907.128605,0.001102,787.414081,0.00127,835.35234,0.001197,763.943751,0.001309,197.496624,0.005063,26.718361,0.037427
951.871895,0.001051,903.354679,0.001107,931.252104,0.001074,907.128605,0.001102,787.414081,0.00127,835.35234,0.001197,763.943751,0.001309,197.496624,0.005063,26.718361,0.037427
951.871895,0.001051,903.354679,0.001107,931.252104,0.001074,907.128605,0.001102,787.414081,0.00127,835.35234,0.001197,763.943751,0.001309,197.496624,0.005063,26.718361,0.037427
951.871895,0.001051,903.354679,0.001107,931.252104,0.001074,907.128605,0.001102,787.414081,0.00127,835.35234,0.001197,763.943751,0.001309,197.496624,0.005063,26.718361,0.037427
951.871895,0.001051,903.354679,0.001107,931.252104,0.001074,907.128605,0.001102,787.414081,0.00127,835.35234,0.001197,763.943751,0.001309,197.496624,0.005063,26.718361,0.037427
951.871895,0.001051,903.354679,0.001107,931.252104,0.001074,907.128605,0.001102,787.414081,0.00127,835.35234,0.001197,763.943751,0.001309,197.496624,0.005063,26.718361,0.037427
951.871895,0.001051,903.354679,0.001107,931.252104,0.001074,907.128605,0.001102,787.414081,0.00127,835.35234,0.001197,763.943751,0.001309,197.496624,0.005063,26.718361,0.037427
951.871895,0.001051,903.354679,0.001107,931.252104,0.001074,907.128605,0.001102,787.414081,0.00127,835.35234,0.001197,763.943751,0.001309,197.496624,0.005063,26.718361,0.037427
951.871895,0.001051,903.354679,0.001107,931.252104,0.001074,907.128605,0.001102,787.414081,0.00127,835.35234,0.001197,763.943751,0.001309,197.496624,0.005063,26.718361,0.037427
951.871895,0.001051,903.354679,0.001107,931.252104,0.001074,907.128605,0.001102,787.414081,0.00127,835.35234,0.001197,763.943751,0.001309,197.496624,0.005063,26.718361,0.037427
951.871895,0.001051,903.354679,0.001107,931.252104,0.001074,907.128605,0.001102,787.414081,0.00127,835.35234,0.001197,763.943751,0.001309,197.496624,0.005063,27.15845,0.036821
951.871895,0.001051,903.354679,0.001107,931.252104,0.001074,907.128605,0.001102,787.414081,0.00127,835.35234,0.001197,763.943751,0.001309,197.496624,0.005063,27.15845,0.036821
951.871895,0.001051,903.354679,0.001107,931.252104,0.001074,907.128605,0.001102,787.414081,0.00127,835.35234,0.001197,763.943751,0.001309,197.496624,0.005063,27.15845,0.036821
951.871895,0.001051,903.354679,0.001107,931.252104,0.001074,907.128605,0.001102,787.414081,0.00127,835.35234,0.001197,763.943751,0.001309,197.496624,0.005063,27.15845,0.036821
951.871895,0.001051,903.354679,0.001107,931.252104,0.001074,907.128605,0.001102,787.414081,0.00127,835.35234,0.001197,763.943751,0.001309,197.496624,0.005063,27.15845,0.036821
951.871895,0.001051,903.354679,0.001107,931.252104,0.001074,907.128605,0.001102,787.414081,0.00127,835.35234,0.001197,763.943751,0.001309,197.496624,0.005063,27.15845,0.036821
951.871895,0.001051,903.354679,0.001107,931.252104,0.001074,907.128605,0.001102,787.414081,0.00127,821.729935,0.001217,763.943751,0.001309,197.496624,0.005063,27.15845,0.036821
951.871895,0.001051,903.354679,0.001107,931.252104,0.001074,907.128605,0.001102,787.414081,0.00127,821.729935,0.001217,763.943751,0.001309,197.496624,0.005063,27.15845,0.036821
951.871895,0.001051,903.354679,0.001107,931.252104,0.001074,907.128605,0.001102,787.414081,0.00127,821.729935,0.001217,763.943751,0.001309,197.496624,0.005063,27.15845,0.036821
951.871895,0.001051,903.354679,0.001107,931.252104,0.001074,907.128605,0.001102,787.414081,0.00127,821.729935,0.001217,763.943751,0.001309,197.496624,0.005063,27.15845,0.036821
951.871895,0.001051,903.354679,0.001107,931.252104,0.001074,907.128605,0.001102,787.414081,0.00127,821.729935,0.001217,763.943751,0.001309,197.496624,0.005063,27.15845,0.036821
951.871895,0.001051,903.354679,0.001107,931.252104,0.001074,907.128605,0.001102,787.414081,0.00127,821.729935,0.001217,763.943751,0.001309,197.496624,0.005063,27.15845,0.036821
951.871895,0.001051,903.354679,0.001107,931.252104,0.001074,907.128605,0.001102,787.414081,0.00127,821.729935,0.001217,763.943751,0.001309,197.496624,0.005063,27.15845,0.036821
951.871895,0.001051,903.354679,0.001107,931.252104,0.001074,907.128605,0.001102,787.414081,0.00127,821.729935,0.001217,763.943751,0.001309,197.496624,0.005063,27.15845,0.036821
951.871895,0.001051,903.354679,0.001107,931.252104,0.001074,907.128605,0.001102,787.414081,0.00127,821.729935,0.001217,763.943751,0.001309,197.496624,0.005063,25.971834,0.038503
951.871895,0.001051,903.354679,0.001107,931.252104,0.001074,907.128605,0.001102,787.414081,0.00127,821.729935,0.001217,763.943751,0.001309,197.496624,0.005063,25.971834,0.038503
951.871895,0.001051,903.354679,0.001107,931.252104,0.001074,907.128605,0.001102,787.414081,0.00127,821.729935,0.001217,763.943751,0.001309,197.496624,0.005063,25.971834,0.038503
951.871895,0.001051,903.354679,0.001107,931.252104,0.001074,907.128605,0.001102,787.414081,0.00127,821.729935,0.001217,763.943751,0.001309,197.496624,0.005063,25.971834,0.038503
951.871895,0.001051,903.354679,0.001107,931.252104,0.001074,907.128605,0.001102,787.414081,0.00127,821.729935,0.001217,763.943751,0.001309,197.496624,0.005063,25.971834,0.038503
951.871895,0.001051,903.354679,0.001107,931.252104,0.001074,907.128605,0.001102,787.414081,0.00127,821.729935,0.001217,763.943751,0.001309,197.496624,0.005063,25.971834,0.038503
951.871895,0.001051,903.354679,0.001107,931.252104,0.001074,907.128605,0.001102,787.414081,0.00127,821.729935,0.001217,763.943751,0.001309,197.496624,0.005063,25.971834,0.038503
951.871895,0.001051,903.354679,0.001107,931.252104,0.001074,907.128605,0.001102,787.414081,0.00127,821.729935,0.001217,763.943751,0.001309,197.496624,0.005063,25.971834,0.038503
951.871895,0.001051,903.354679,0.001107,931.252104,0.001074,907.128605,0.001102,787.414081,0.00127,821.729935,0.001217,763.943751,0.001309,197.496624,0.005063,25.971834,0.038503
951.871895,0.001051,903.354679,0.001107,931.252104,0.001074,907.128605,0.001102,787.414081,0.00127,821.729935,0.001217,763.943751,0.001309,197.496624,0.005063,25.971834,0.038503
951.871895,0.001051,903.354679,0.001107,931.252104,0.001074,907.128605,0.001102,787.414081,0.00127,821.729935,0.001217,763.943751,0.001309,197.496624,0.005063,25.971834,0.038503
951.871895,0.001051,903.354679,0.001107,931.252104,0.001074,907.128605,0.001102,787.414081,0.00127,821.729935,0.001217,763.943751,0.001309,197.496624,0.005063,25.971834,0.038503
951.871895,0.001051,903.354679,0.001107,931.252104,0.001074,907.128605,0.001102,787.414081,0.00127,821.729935,0.001217,763.943751,0.001309,197.496624,0.005063,25.971834,0.038503
951.871895,0.001051,903.354679,0.001107,931.252104,0.001074,907.128605,0.001102,787.414081,0.00127,821.729935,0.001217,763.943751,0.001309,197.496624,0.005063,25.971834,0.038503
951.871895,0.001051,903.354679,0.001107,931.252104,0.001074,907.128605,0.001102,787.414081,0.00127,821.729935,0.001217,763.943751,0.001309,197.496624,0.005063,25.971834,0.038503
951.871895,0.001051,903.354679,0.001107,931.252104,0.001074,907.128605,0.001102,787.414081,0.00127,821.729935,0.001217,763.943751,0.001309,197.496624,0.005063,31.540985,0.031705
951.871895,0.001051,903.354679,0.001107,931.252104,0.001074,907.128605,0.001102,787.414081,0.00127,821.729935,0.001217,763.943751,0.001309,197.496624,0.005063,31.540985,0.031705
951.871895,0.001051,903.354679,0.001107,931.252104,0.001074,907.128605,0.001102,787.414081,0.00127,821.729935,0.001217,763.943751,0.001309,197.496624,0.005063,31.540985,0.031705
951.871895,0.001051,903.354679,0.001107,931.252104,0.001074,907.128605,0.001102,787.414081,0.00127,821.729935,0.001217,763.943751,0.001309,197.496624,0.005063,31.540985,0.031705
951.871895,0.001051,903.354679,0.001107,931.252104,0.001074,907.128605,0.001102,787.414081,0.00127,821.729935,0.001217,763.943751,0.001309,197.496624,0.005063,31.540985,0.031705
951.871895,0.001051,903.354679,0.001107,931.252104,0.001074,907.128605,0.001102,787.414081,0.00127,821.729935,0.001217,763.943751,0.001309,197.496624,0.005063,31.540985,0.031705
951.871895,0.001051,903.354679,0.001107,931.252104,0.001074,907.128605,0.001102,787.414081,0.00127,821.729935,0.001217,763.943751,0.001309,197.496624,0.005063,31.540985,0.031705
951.871895,0.001051,903.354679,0.001107,931.252104,0.001074,907.128605,0.001102,787.414081,0.00127,821.729935,0.001217,763.943751,0.001309,197.496624,0.005063,31.540985,0.031705
951.871895,0.001051,903.354679,0.001107,931.252104,0.001074,907.128605,0.001102,787.414081,0.00127,821.729935,0.001217,763.943751,0.001309,197.496624,0.005063,31.540985,0.031705
951.871895,0.001051,903.354679,0.001107,931.252104,0.001074,907.128605,0.001102,787.414081,0.00127,821.729935,0.001217,763.943751,0.001309,197.496624,0.005063,31.540985,0.031705
951.871895,0.001051,903.354679,0.001107,931.252104,0.001074,907.128605,0.001102,787.414081,0.00127,821.729935,0.001217,763.943751,0.001309,197.496624,0.005063,31.540985,0.031705
951.871895,0.001051,903.354679,0.001107,931.252104,0.001074,907.128605,0.001102,787.414081,0.00127,821.729935,0.001217,763.943751,0.001309,197.496624,0.005063,31.540985,0.031705
951.871895,0.001051,903.354679,0.001107,891.064523,0.001122,907.128605,0.001102,787.414081,0.00127,821.729935,0.001217,763.943751,0.001309,197.496624,0.005063,31.540985,0.031705
951.871895,0.001051,903.354679,0.001107,891.064523,0.001122,907.128605,0.001102,787.414081,0.00127,821.729935,0.001217,763.943751,0.001309,197.496624,0.005063,31.540985,0.031705
951.871895,0.001051,903.354679,0.001107,891.064523,0.001122,907.128605,0.001102,787.414081,0.00127,821.729935,0.001217,763.943751,0.001309,197.496624,0.005063,27.689283,0.036115
951.871895,0.001051,903.354679,0.001107,891.064523,0.001122,907.128605,0.001102,787.414081,0.00127,821.729935,0.001217,763.943751,0.001309,197.496624,0.005063,27.689283,0.036115
951.871895,0.001051,903.354679,0.001107,891.064523,0.001122,907.128605,0.001102,787.414081,0.00127,821.729935,0.001217,763.943751,0.001309,197.496624,0.005063,27.689283,0.036115
951.871895,0.001051,903.354679,0.001107,891.064523,0.001122,903.46958,0.001107,787.414081,0.00127,821.729935,0.001217,763.943751,0.001309,197.496624,0.005063,27.689283,0.036115
951.871895,0.001051,903.354679,0.001107,891.064523,0.001122,903.46958,0.001107,787.414081,0.00127,821.729935,0.001217,763.943751,0.001309,197.496624,0.005063,27.689283,0.036115
951.871895,0.001051,903.354679,0.001107,891.064523,0.001122,903.46958,0.001107,787.414081,0.00127,821.729935,0.001217,763.943751,0.001309,197.496624,0.005063,27.689283,0.036115
951.871895,0.001051,903.354679,0.001107,891.064523,0.001122,903.46958,0.001107,787.414081,0.00127,821.729935,0.001217,763.943751,0.001309,197.496624,0.005063,27.689283,0.036115
951.871895,0.001051,903.354679,0.001107,891.064523,0.001122,903.46958,0.001107,787.414081,0.00127,821.729935,0.001217,763.943751,0.001309,197.496624,0.005063,27.689283,0.036115
951.871895,0.001051,903.354679,0.001107,891.064523,0.001122,903.46958,0.001107,787.414081,0.00127,821.729935,0.001217,763.943751,0.001309,197.496624,0.005063,27.689283,0.036115
951.871895,0.001051,903.354679,0.001107,891.064523,0.001122,903.46958,0.001107,787.414081,0.00127,821.729935,0.001217,763.943751,0.001309,197.496624,0.005063,27.689283,0.036115
951.871895,0.001051,913.545184,0.001095,891.064523,0.001122,903.46958,0.001107,787.414081,0.00127,821.729935,0.001217,763.943751,0.001309,197.496624,0.005063,27.689283,0.036115
951.871895,0.001051,913.545184,0.001095,891.064523,0.001122,903.46958,0.001107,787.414081,0.00127,821.729935,0.001217,763.943751,0.001309,197.496624,0.005063,27.689283,0.036115
951.871895,0.001051,913.545184,0.001095,891.064523,0.001122,903.46958,0.001107,787.414081,0.00127,821.729935,0.001217,763.943751,0.001309,197.496624,0.005063,27.689283,0.036115
951.871895,0.001051,913.545184,0.001095,891.064523,0.001122,903.46958,0.001107,787.414081,0.00127,821.729935,0.001217,763.943751,0.001309,197.496624,0.005063,23.085142,0.043318
951.871895,0.001051,913.545184,0.001095,891.064523,0.001122,903.46958,0.001107,787.414081,0.00127,821.729935,0.001217,763.943751,0.001309,197.496624,0.005063,23.085142,0.043318
951.871895,0.001051,913.545184,0.001095,891.064523,0.001122,903.46958,0.001107,787.414081,0.00127,821.729935,0.001217,763.943751,0.001309,197.496624,0.005063,23.085142,0.043318
951.871895,0.001051,913.545184,0.001095,891.064523,0.001122,903.46958,0.001107,787.414081,0.00127,821.729935,0.001217,763.943751,0.001309,197.496624,0.005063,23.085142,0.043318
951.871895,0.001051,913.545184,0.001095,891.064523,0.001122,903.46958,0.001107,787.414081,0.00127,821.729935,0.001217,763.943751,0.001309,197.496624,0.005063,23.085142,0.043318
933.260503,0.001072,913.545184,0.001095,891.064523,0.001122,903.46958,0.001107,787.414081,0.00127,821.729935,0.001217,763.943751,0.001309,197.496624,0.005063,23.085142,0.043318
933.260503,0.001072,913.545184,0.001095,891.064523,0.001122,903.46958,0.001107,787.414081,0.00127,821.729935,0.001217,763.943751,0.001309,197.496624,0.005063,23.085142,0.043318
933.260503,0.001072,913.545184,0.001095,891.064523,0.001122,903.46958,0.001107,787.414081,0.00127,821.729935,0.001217,763.943751,0.001309,197.496624,0.005063,23.085142,0.043318
933.260503,0.001072,913.545184,0.001095,891.064523,0.001122,903.46958,0.001107,787.414081,0.00127,821.729935,0.001217,763.943751,0.001309,197.496624,0.005063,23.085142,0.043318
933.260503,0.001072,913.545184,0.001095,891.064523,0.001122,903.46958,0.001107,787.414081,0.00127,821.729935,0.001217,763.943751,0.001309,197.496624,0.005063,23.085142,0.043318
933.260503,0.001072,913.545184,0.001095,891.064523,0.001122,903.46958,0.001107,787.414081,0.00127,821.729935,0.001217,763.943751,0.001309,197.496624,0.005063,23.085142,0.043318
933.260503,0.001072,913.545184,0.001095,891.064523,0.001122,903.46958,0.001107,787.414081,0.00127,821.729935,0.001217,763.943751,0.001309,197.496624,0.005063,23.085142,0.043318
933.260503,0.001072,913.545184,0.001095,891.064523,0.001122,903.46958,0.001107,787.414081,0.00127,821.729935,0.001217,763.943751,0.001309,197.496624,0.005063,25.892832,0.038621
933.260503,0.001072,913.545184,0.001095,891.064523,0.001122,903.46958,0.001107,787.414081,0.00127,821.729935,0.001217,763.943751,0.001309,197.496624,0.005063,25.892832,0.038621
933.260503,0.001072,913.545184,0.001095,891.064523,0.001122,903.46958,0.001107,787.414081,0.00127,821.729935,0.001217,763.943751,0.001309,197.496624,0.005063,25.892832,0.038621
933.260503,0.001072,913.545184,0.001095,891.064523,0.001122,903.46958,0.001107,787.414081,0.00127,821.729935,0.001217,763.943751,0.001309,197.496624,0.005063,25.892832,0.038621
933.260503,0.001072,913.545184,0.001095,891.064523,0.001122,903.46958,0.001107,787.414081,0.00127,821.729935,0.001217,763.943751,0.001309,197.496624,0.005063,25.892832,0.038621
933.260503,0.001072,913.545184,0.001095,891.064523,0.001122,903.46958,0.001107,787.414081,0.00127,821.729935,0.001217,763.943751,0.001309,197.496624,0.005063,25.892832,0.038621
933.260503,0.001072,913.545184,0.001095,891.064523,0.001122,903.46958,0.001107,787.414081,0.00127,821.729935,0.001217,763.943751,0.001309,197.496624,0.005063,25.892832,0.038621
933.260503,0.001072,913.545184,0.001095,891.064523,0.001122,903.46958,0.001107,787.414081,0.00127,821.729935,0.001217,763.943751,0.001309,197.496624,0.005063,25.892832,0.038621
933.260503,0.001072,913.545184,0.001095,891.064523,0.001122,903.46958,0.001107,787.414081,0.00127,821.729935,0.001217,763.943751,0.001309,197.496624,0.005063,25.892832,0.038621
933.260503,0.001072,913.545184,0.001095,891.064523,0.001122,903.46958,0.001107,787.414081,0.00127,821.729935,0.001217,763.943751,0.001309,197.496624,0.005063,25.892832,0.038621
933.260503,0.001072,913.545184,0.001095,891.064523,0.001122,903.46958,0.001107,787.414081,0.00127,821.729935,0.001217,763.943751,0.001309,197.496624,0.005063,25.892832,0.038621
933.260503,0.001072,913.545184,0.001095,891.064523,0.001122,903.46958,0.001107,787.414081,0.00127,821.729935,0.001217,763.943751,0.001309,197.496624,0.005063,25.892832,0.038621
933.260503,0.001072,913.545184,0.001095,891.064523,0.001122,903.46958,0.001107,787.414081,0.00127,821.729935,0.001217,763.943751,0.001309,197.496624,0.005063,25.892832,0.038621
933.260503,0.001072,913.545184,0.001095,891.064523,0.001122,903.46958,0.001107,787.414081,0.00127,821.729935,0.001217,763.943751,0.001309,197.496624,0.005063,25.030377,0.039951
933.260503,0.001072,913.545184,0.001095,891.064523,0.001122,903.46958,0.001107,787.414081,0.00127,821.729935,0.001217,763.943751,0.001309,197.496624,0.005063,25.030377,0.039951
933.260503,0.001072,913.545184,0.001095,891.064523,0.001122,903.46958,0.001107,787.414081,0.00127,821.729935,0.001217,763.943751,0.001309,197.496624,0.005063,25.030377,0.039951
933.260503,0.001072,913.545184,0.001095,891.064523,0.001122,903.46958,0.001107,787.414081,0.00127,821.729935,0.001217,763.943751,0.001309,197.496624,0.005063,25.030377,0.039951
933.260503,0.001072,913.545184,0.001095,891.064523,0.001122,903.46958,0.001107,787.414081,0.00127,821.729935,0.001217,763.943751,0.001309,197.496624,0.005063,25.030377,0.039951
933.260503,0.001072,913.545184,0.001095,891.064523,0.001122,903.46958,0.001107,787.414081,0.00127,821.729935,0.001217,763.943751,0.001309,199.397176,0.005015,25.030377,0.039951
933.260503,0.001072,913.545184,0.001095,891.064523,0.001122,903.46958,0.001107,787.414081,0.00127,821.729935,0.001217,763.943751,0.001309,199.397176,0.005015,25.030377,0.039951
933.260503,0.001072,913.545184,0.001095,891.064523,0.001122,903.46958,0.001107,787.414081,0.00127,821.729935,0.001217,763.943751,0.001309,199.397176,0.005015,25.030377,0.039951
933.260503,0.001072,913.545184,0.001095,891.064523,0.001122,903.46958,0.001107,787.414081,0.00127,821.729935,0.001217,763.943751,0.001309,199.397176,0.005015,25.030377,0.039951
933.260503,0.001072,913.545184,0.001095,891.064523,0.001122,903.46958,0.001107,787.414081,0.00127,821.729935,0.001217,763.943751,0.001309,199.397176,0.005015,25.030377,0.039951
933.260503,0.001072,913.545184,0.001095,891.064523,0.001122,903.46958,0.001107,787.414081,0.00127,821.729935,0.001217,763.943751,0.001309,199.397176,0.005015,25.030377,0.039951
933.260503,0.001072,913.545184,0.001095,891.064523,0.001122,903.46958,0.001107,787.414081,0.00127,821.729935,0.001217,763.943751,0.001309,199.397176,0.005015,25.030377,0.039951
933.260503,0.001072,913.545184,0.001095,891.064523,0.001122,903.46958,0.001107,787.414081,0.00127,821.729935,0.001217,763.943751,0.001309,199.397176,0.005015,25.030377,0.039951
933.260503,0.001072,913.545184,0.001095,891.064523,0.001122,903.46958,0.001107,787.414081,0.00127,821.729935,0.001217,763.943751,0.001309,199.397176,0.005015,23.97775,0.041705
950.6063203,0.001052428,904.2106814,0.001105992,926.9118453,0.001079184,906.7700205,0.00110249,738.3699878,0.001355892,832.9275519,0.00120056,741.632826,0.001348832,188.2295238,0.00535774,26.48506536,0.037894076
